Subject,Gender,PEDFE_code,Type,Emotion,Hit rate Emotion (%),Hit rate Typo (%),Mean_Genuineness,SD_Genuineness,Mean_Intensity,SD_Intensity,Duration(s)
1,F,1_dg_1,Genuine,Disgust,78.79,66.67,2.12,3.59,2.94,2.00,3.837
1,F,1_dg_2,Genuine,Disgust,54.55,95.45,3.00,1.92,3.52,2.09,5.472
1,F,1_dg_3,Genuine,Disgust,100.00,92.30,4.96,3.41,5.92,1.68,2.469
1,F,1_dg_4,Genuine,Disgust,87.88,57.58,1.88,3.55,3.88,1.85,2.636
1,F,1_dg_5,Genuine,Disgust,63.64,54.55,1.30,3.96,3.94,1.98,3.370
1,F,1_dg_6,Genuine,Disgust,81.82,69.70,2.18,3.45,3.33,1.63,2.636
1,F,1_ds_1,Posed,Disgust,100.00,36.36,1.09,4.31,4.67,2.09,3.370
1,F,1_ds_2,Posed,Disgust,81.82,30.30,1.73,3.56,3.94,1.87,2.936
1,F,1_ds_3,Posed,Disgust,100.00,30.43,0.65,3.66,3.70,1.46,3.303
1,F,1_ds_4,Posed,Disgust,96.15,15.38,2.96,2.97,5.54,1.94,1.969
1,F,1_fg_1,Genuine,Happiness,100.00,76.92,2.04,3.12,3.69,1.74,3.303
1,F,1_fg_2,Genuine,Happiness,78.95,80.95,2.38,2.65,2.95,2.01,4.404
1,F,1_fg_3,Genuine,Happiness,85.71,85.71,3.63,2.80,3.48,1.81,1.702
1,F,1_fg_4,Genuine,Happiness,96.97,69.70,4.42,2.14,4.76,1.85,3.270
1,F,1_fg_5,Genuine,Happiness,96.00,96.15,4.64,1.89,4.96,2.21,3.237
1,F,1_fs_1,Posed,Happiness,93.94,63.64,1.33,3.85,3.88,2.10,2.769
1,F,1_fs_2,Posed,Happiness,96.97,45.45,2.06,3.32,4.12,1.98,3.337
1,F,1_fs_3,Posed,Happiness,96.97,75.76,2.45,3.88,4.18,1.89,3.370
1,F,1_fs_4,Posed,Happiness,100.00,56.52,-0.18,4.10,4.00,1.85,3.070
1,F,1_pg_2,Genuine,Fear,39.13,73.91,1.00,3.38,2.26,1.68,1.869
1,F,1_pg_3,Genuine,Fear,63.16,76.19,1.81,3.28,3.10,1.89,4.137
1,F,1_pg_4,Genuine,Fear,63.64,21.21,1.61,3.58,3.97,2.35,1.835
1,F,1_ps_1,Posed,Fear,30.30,18.18,0.91,3.92,3.91,1.83,1.702
1,F,1_ps_3,Posed,Fear,45.45,22.72,1.52,3.71,4.10,1.45,4.638
1,F,1_rg_1,Genuine,Anger,42.11,71.42,2.33,2.63,2.76,2.12,4.104
1,F,1_rg_2,Genuine,Anger,63.64,54.54,-0.14,4.00,3.55,2.09,1.835
1,F,1_rg_3,Genuine,Anger,54.55,77.27,1.67,3.45,3.14,1.96,3.804
1,F,1_rg_4,Genuine,Anger,30.30,57.58,2.27,3.29,2.30,2.20,3.804
1,F,1_rs_1,Posed,Anger,45.45,45.45,-0.09,3.37,3.00,1.66,3.504
1,F,1_rs_2,Posed,Anger,39.39,42.42,-0.61,3.46,2.61,2.26,2.269
1,F,1_rs_3,Posed,Anger,48.48,51.52,1.36,3.66,2.67,1.85,3.070
1,F,1_rs_4,Posed,Anger,45.45,57.58,-1.06,3.00,2.88,1.95,3.770
1,F,1_sg_2,Genuine,Surprise,63.64,86.36,2.62,2.94,2.43,1.69,1.668
1,F,1_ss_1,Posed,Surprise,87.50,37.50,1.00,3.91,3.96,1.64,1.768
1,F,1_ss_2,Posed,Surprise,90.91,33.33,-2.33,4.43,3.39,2.34,2.169
1,F,1_ss_3,Posed,Surprise,84.85,39.39,-2.09,4.73,3.55,2.25,3.203
1,F,1_ts_2,Posed,Sadness,72.73,51.52,-2.52,4.24,3.18,2.21,2.469
1,F,1_ts_4,Posed,Sadness,77.27,54.54,-0.76,3.88,4.00,1.38,5.706
2,M,2_dg_1,Genuine,Disgust,85.19,51.85,-0.19,4.07,4.96,2.47,2.669
2,M,2_dg_2,Genuine,Disgust,43.48,69.56,1.73,3.15,3.27,1.70,4.371
2,M,2_dg_3,Genuine,Disgust,95.83,66.66,0.92,4.64,5.00,2.27,1.948
2,M,2_ds_1,Posed,Disgust,91.67,58.33,-0.87,4.25,4.13,1.79,3.103
2,M,2_ds_2,Posed,Disgust,91.30,56.52,-0.64,4.42,4.68,1.76,2.536
2,M,2_ds_3,Posed,Disgust,73.08,50.00,-0.44,4.11,3.80,1.47,3.670
2,M,2_fg_1,Genuine,Happiness,100.00,95.45,5.14,2.46,6.57,1.57,2.369
2,M,2_fg_2,Genuine,Happiness,100.00,91.66,2.92,3.08,4.88,1.60,2.903
2,M,2_fg_3,Genuine,Happiness,93.94,84.85,3.24,4.21,6.82,2.28,1.969
2,M,2_fs_1,Posed,Happiness,96.97,75.76,0.61,4.80,4.52,2.17,3.971
2,M,2_fs_2,Posed,Happiness,100.00,60.86,-1.86,4.59,4.14,1.83,3.470
2,M,2_fs_3,Posed,Happiness,100.00,39.39,-0.52,4.67,4.45,2.20,3.237
2,M,2_pg_1,Genuine,Fear,45.45,95.45,3.82,2.15,5.27,2.29,2.569
2,M,2_pg_2,Genuine,Fear,75.76,81.82,2.64,4.29,7.97,1.36,1.604
2,M,2_ps_2,Posed,Fear,30.30,66.67,0.70,3.83,4.33,2.15,2.836
2,M,2_ps_3,Posed,Fear,34.62,42.30,0.96,3.87,4.54,1.96,2.836
2,M,2_ps_5,Posed,Fear,33.33,45.45,-3.06,4.13,4.85,2.31,3.103
2,M,2_rg_1,Genuine,Anger,92.31,73.07,1.96,3.62,3.68,2.14,2.870
2,M,2_rg_2,Genuine,Anger,86.96,72.00,1.88,3.97,4.92,2.43,6.006
2,M,2_rg_4,Genuine,Anger,84.85,57.58,1.45,4.30,4.94,2.41,3.871
2,M,2_rg_5,Genuine,Anger,96.97,51.52,2.91,4.48,6.94,2.41,3.337
2,M,2_rg_6,Genuine,Anger,57.69,46.42,-1.21,4.11,2.07,1.36,3.570
2,M,2_rg_7,Genuine,Anger,87.88,63.64,-0.21,3.75,3.97,2.20,3.370
2,M,2_rs_1,Posed,Anger,96.97,66.67,-3.55,3.45,3.94,2.09,5.205
2,M,2_rs_2,Posed,Anger,52.17,39.13,-0.48,3.46,2.70,2.12,3.937
2,M,2_rs_3,Posed,Anger,50.00,26.92,1.62,3.89,3.38,1.75,3.303
2,M,2_sg_1,Genuine,Surprise,47.83,56.00,0.00,4.16,3.12,2.11,3.303
2,M,2_sg_2,Genuine,Surprise,73.08,76.92,2.35,2.97,3.15,1.80,2.410
2,M,2_sg_3,Genuine,Surprise,93.94,42.42,-0.88,4.49,3.48,2.12,2.069
2,M,2_sg_4,Genuine,Surprise,73.33,58.06,0.97,4.12,2.90,1.78,1.935
2,M,2_sg_5,Genuine,Surprise,38.46,76.92,2.35,3.49,3.92,2.13,3.770
2,M,2_sg_6,Genuine,Surprise,39.39,69.70,1.73,4.15,4.52,2.37,4.238
2,M,2_ss_1,Posed,Surprise,81.82,84.85,-1.64,4.65,5.39,2.40,3.136
2,M,2_tg_1,Genuine,Sadness,30.43,80.00,2.20,3.46,2.68,1.75,4.738
2,M,2_tg_2,Genuine,Sadness,64.00,51.85,0.56,4.12,3.19,2.17,3.837
2,M,2_tg_4,Genuine,Sadness,63.64,63.63,0.91,3.88,3.45,2.52,6.139
2,M,2_tg_5,Genuine,Sadness,95.45,40.90,-1.19,3.61,3.10,1.48,4.538
2,M,2_tg_6,Genuine,Sadness,90.91,90.91,2.21,3.81,5.39,2.25,4.605
2,M,2_tg_7,Genuine,Sadness,93.94,75.76,-1.70,4.52,5.42,2.45,6.573
2,M,2_tg_8,Genuine,Sadness,66.67,72.73,-0.15,4.42,3.58,2.66,7.508
2,M,2_ts_1,Posed,Sadness,85.71,82.60,-2.70,3.31,3.26,1.81,2.870
2,M,2_ts_2,Posed,Sadness,90.48,82.60,-2.87,3.43,3.96,2.06,5.005
2,M,2_ts_3,Posed,Sadness,94.44,75.00,-2.85,3.42,3.60,1.64,6.540
3,F,3_ds_3,Posed,Disgust,65.22,43.47,0.64,3.98,4.00,2.05,2.736
3,F,3_fg_1,Genuine,Happiness,96.15,96.55,3.96,1.90,3.68,1.81,3.737
3,F,3_fg_2,Genuine,Happiness,79.31,89.65,3.71,2.93,4.50,1.88,5.205
3,F,3_fg_3,Genuine,Happiness,50.00,95.65,4.27,1.91,4.50,2.30,3.070
3,F,3_fs_1,Posed,Happiness,92.59,70.37,-2.48,4.15,3.63,2.24,1.535
3,F,3_fs_2,Posed,Happiness,100.00,47.05,-0.76,4.27,3.18,1.38,3.737
3,F,3_pg_1,Genuine,Fear,100.00,91.30,5.09,2.29,7.13,2.01,2.035
3,F,3_ps_1,Posed,Fear,33.33,70.00,-2.85,4.34,3.65,1.76,3.737
3,F,3_ps_2,Posed,Fear,69.23,80.76,-3.81,3.20,4.08,2.15,2.002
3,F,3_ps_3,Posed,Fear,55.56,65.00,-1.50,4.06,4.15,1.84,2.469
3,F,3_rg_1,Genuine,Anger,42.42,66.67,2.88,3.03,2.76,2.25,3.804
3,F,3_rg_3,Genuine,Anger,42.42,78.79,2.30,3.27,3.00,2.57,3.871
3,F,3_rs_1,Posed,Anger,40.91,13.63,2.90,2.45,2.95,1.47,3.203
3,F,3_rs_2,Posed,Anger,38.46,23.07,1.84,3.46,2.92,1.78,5.906
3,F,3_sg_2,Genuine,Surprise,78.79,57.58,3.06,3.38,4.24,2.19,2.836
3,F,3_ss_1,Posed,Surprise,93.33,58.82,-1.65,3.59,2.82,1.70,2.803
3,F,3_ss_2,Posed,Surprise,63.16,38.09,0.24,3.43,2.52,1.72,4.371
3,F,3_ss_3,Posed,Surprise,90.91,31.81,0.86,3.87,4.09,1.90,4.137
3,F,3_tg_3,Genuine,Sadness,54.55,63.64,1.21,3.81,2.82,2.04,3.670
3,F,3_tg_4,Genuine,Sadness,54.55,69.70,1.88,3.19,2.52,2.53,2.970
3,F,3_ts_1,Posed,Sadness,63.64,31.81,1.81,3.23,2.76,1.58,3.270
3,F,3_ts_2,Posed,Sadness,57.14,39.13,0.39,4.11,2.04,1.74,4.872
3,F,3_ts_3,Posed,Sadness,40.91,4.54,3.33,2.18,3.10,2.26,9.376
4,M,4_dg_1,Genuine,Disgust,90.91,87.88,2.82,3.36,4.70,2.05,3.203
4,M,4_dg_2,Genuine,Disgust,76.92,80.76,2.16,2.85,3.68,1.60,3.103
4,M,4_dg_3,Genuine,Disgust,90.91,78.79,2.42,3.52,4.39,1.92,2.369
4,M,4_dg_4,Genuine,Disgust,31.82,90.90,2.95,2.54,2.00,1.26,2.636
4,M,4_dg_5,Genuine,Disgust,89.29,67.85,1.33,4.45,5.96,1.85,1.468
4,M,4_ds_1,Posed,Disgust,100.00,40.90,-0.09,3.89,3.41,1.76,2.803
4,M,4_ds_2,Posed,Disgust,95.65,56.52,-1.52,4.15,4.52,2.39,4.338
4,M,4_fg_1,Genuine,Happiness,100.00,33.33,4.36,2.68,5.36,2.22,5.072
4,M,4_fg_2,Genuine,Happiness,100.00,92.30,2.92,1.92,2.85,1.91,3.904
4,M,4_fg_3,Genuine,Happiness,76.92,85.71,3.04,2.59,2.71,2.11,4.171
4,M,4_fs_1,Posed,Happiness,90.91,31.81,1.09,4.07,3.27,1.98,4.638
4,M,4_fs_2,Posed,Happiness,81.82,31.81,0.64,3.09,2.73,2.10,4.404
4,M,4_fs_3,Posed,Happiness,96.15,30.76,1.84,3.99,4.12,1.56,2.069
4,M,4_pg_1,Genuine,Fear,45.45,95.45,4.71,2.45,4.19,2.38,2.503
4,M,4_ps_1,Posed,Fear,36.00,7.40,3.74,2.12,3.93,2.13,1.268
4,M,4_ps_2,Posed,Fear,69.57,39.13,0.65,3.76,2.52,1.53,2.102
4,M,4_ps_3,Posed,Fear,50.00,18.18,2.57,2.42,3.62,1.72,2.469
4,M,4_ps_4,Posed,Fear,59.09,13.63,2.77,3.41,3.82,2.04,1.969
4,M,4_rs_1,Posed,Anger,45.45,45.83,-0.25,3.98,3.17,1.49,2.102
4,M,4_rs_2,Posed,Anger,80.77,76.92,-2.73,3.83,4.35,2.06,4.872
4,M,4_rs_3,Posed,Anger,33.33,43.47,-0.48,3.79,3.52,1.83,2.236
4,M,4_rs_4,Posed,Anger,100.00,95.65,-6.24,1.14,4.95,2.31,2.903
4,M,4_rs_5,Posed,Anger,100.00,73.07,-3.24,4.69,4.88,1.90,2.703
4,M,4_rs_6,Posed,Anger,100.00,95.65,-5.76,1.45,5.52,2.11,3.504
4,M,4_rs_7,Posed,Anger,100.00,90.90,-5.62,2.78,5.62,1.99,5.206
4,M,4_sg_1,Genuine,Surprise,73.68,57.14,0.71,3.66,2.95,2.16,2.069
4,M,4_sg_2,Genuine,Surprise,81.82,72.73,3.39,3.29,4.33,2.17,1.969
4,M,4_ss_1,Posed,Surprise,93.94,63.64,0.48,4.32,4.03,2.23,2.669
4,M,4_ss_2,Posed,Surprise,90.91,63.64,-0.55,4.46,3.09,1.88,2.102
4,M,4_ss_3,Posed,Surprise,100.00,84.85,-0.30,4.25,4.58,2.31,2.102
4,M,4_ts_1,Posed,Sadness,80.77,78.57,-4.18,4.00,3.07,1.78,7.975
4,M,4_ts_2,Posed,Sadness,95.65,73.91,-3.70,3.55,3.09,2.00,6.807
4,M,4_ts_3,Posed,Sadness,86.36,77.27,-3.57,3.75,3.52,1.57,5.606
4,M,4_ts_4,Posed,Sadness,96.15,84.61,-4.35,3.25,3.69,2.07,7.808
4,M,4_ts_5,Posed,Sadness,80.77,84.61,-4.73,3.32,3.69,2.22,11.245
5,M,5_dg_1,Genuine,Disgust,72.73,86.36,3.43,3.01,4.00,2.35,5.000
5,M,5_dg_2,Genuine,Disgust,90.91,68.18,1.76,4.17,2.76,1.22,1.635
5,M,5_dg_3,Genuine,Disgust,100.00,59.09,1.45,3.57,3.64,2.13,2.636
5,M,5_ds_1,Posed,Disgust,100.00,9.09,3.05,2.31,4.29,2.08,3.036
5,M,5_ds_2,Posed,Disgust,100.00,19.23,1.85,2.96,4.81,2.02,2.870
5,M,5_ds_3,Posed,Disgust,95.45,22.72,2.10,2.68,4.19,1.89,2.736
5,M,5_fg_1,Genuine,Happiness,81.82,95.65,2.71,1.45,2.52,1.63,2.436
5,M,5_fg_2,Genuine,Happiness,50.00,81.81,1.90,3.36,3.67,1.43,1.702
5,M,5_fg_3,Genuine,Happiness,95.24,86.95,2.83,2.37,2.87,1.77,3.770
5,M,5_fs_1,Posed,Happiness,95.24,39.13,0.39,3.60,3.09,1.50,2.836
5,M,5_fs_2,Posed,Happiness,86.36,40.90,-0.05,4.11,3.05,1.91,3.637
5,M,5_fs_3,Posed,Happiness,68.18,31.81,-0.55,4.13,2.55,1.90,2.836
5,M,5_ps_5,Posed,Fear,44.44,85.00,-3.80,3.25,4.05,2.28,1.768
5,M,5_rg_1,Genuine,Anger,93.33,11.76,-2.88,3.77,4.47,2.70,3.036
5,M,5_rg_2,Genuine,Anger,57.58,66.67,0.76,3.35,3.55,2.61,6.340
5,M,5_rg_3,Genuine,Anger,34.62,69.23,2.19,3.31,2.31,1.81,0.968
5,M,5_sg_1,Genuine,Surprise,63.64,77.27,2.90,3.14,3.19,2.18,4.371
5,M,5_ss_1,Posed,Surprise,100.00,95.45,-5.33,2.59,5.81,1.97,2.169
5,M,5_ss_2,Posed,Surprise,100.00,81.81,-3.10,4.06,5.14,2.13,1.768
5,M,5_tg_2,Genuine,Sadness,47.37,76.19,1.95,2.77,2.62,2.09,3.737
5,M,5_tg_3,Genuine,Sadness,33.33,63.64,0.45,4.05,2.45,1.95,4.471
5,M,5_tg_4,Genuine,Sadness,78.79,81.82,-1.48,3.77,3.12,2.10,5.973
5,M,5_tg_5,Genuine,Sadness,66.67,39.39,-0.76,3.65,3.42,2.22,3.370
6,M,6_dg_2,Genuine,Disgust,95.45,40.90,-0.50,3.69,3.32,1.89,4.671
6,M,6_ds_1,Posed,Disgust,86.96,65.21,-0.68,4.13,3.50,1.87,5.005
6,M,6_ds_2,Posed,Disgust,65.22,44.00,-0.28,4.08,2.20,1.66,4.104
6,M,6_fg_1,Genuine,Happiness,100.00,95.65,5.00,1.61,5.90,2.00,6.474
6,M,6_fg_2,Genuine,Happiness,85.19,66.66,1.48,4.32,3.44,1.76,3.070
6,M,6_fg_3,Genuine,Happiness,96.97,69.70,3.58,3.57,4.00,1.90,3.437
6,M,6_fg_4,Genuine,Happiness,96.97,54.55,4.21,3.31,6.15,1.86,6.707
6,M,6_fg_5,Genuine,Happiness,100.00,78.79,4.27,3.25,5.79,1.78,4.137
6,M,6_fg_6,Genuine,Happiness,100.00,48.48,3.70,3.25,6.12,2.01,3.570
6,M,6_fs_1,Posed,Happiness,85.71,17.39,1.65,3.17,2.87,1.66,3.504
6,M,6_fs_2,Posed,Happiness,90.00,18.18,2.36,2.30,3.14,1.81,4.037
6,M,6_rs_1,Posed,Anger,72.73,40.90,0.48,3.97,3.52,1.94,4.438
6,M,6_sg_1,Genuine,Surprise,94.44,90.00,3.85,3.03,3.90,1.89,2.302
6,M,6_sg_2,Genuine,Surprise,47.62,78.26,3.09,2.78,2.83,1.92,2.970
6,M,6_ss_1,Posed,Surprise,88.46,57.69,-1.73,4.12,3.46,2.00,2.569
6,M,6_ss_2,Posed,Surprise,96.30,44.44,1.04,4.80,4.85,2.36,2.603
6,M,6_tg_1,Genuine,Sadness,84.85,72.73,2.70,3.61,5.61,2.66,8.242
6,M,6_tg_3,Genuine,Sadness,50.00,69.23,1.77,4.21,3.62,2.08,9.309
6,M,6_tg_4,Genuine,Sadness,87.88,45.45,1.27,4.27,4.42,2.53,7.307
6,M,6_ts_1,Posed,Sadness,68.18,54.16,-0.33,4.00,3.25,1.65,4.838
6,M,6_ts_2,Posed,Sadness,69.23,61.53,-1.62,3.80,2.73,1.85,4.905
6,M,6_ts_3,Posed,Sadness,72.73,77.27,-2.33,3.12,3.00,1.26,5.906
6,M,6_ts_4,Posed,Sadness,81.82,72.72,-2.71,3.45,3.00,1.82,5.739
7,F,7_dg_1,Genuine,Disgust,47.83,56.00,-0.12,3.85,3.20,1.85,3.637
7,F,7_dg_2,Genuine,Disgust,87.50,69.23,1.85,2.85,2.92,1.65,2.369
7,F,7_dg_3,Genuine,Disgust,100.00,70.83,0.96,3.59,3.96,1.57,2.569
7,F,7_dg_4,Genuine,Disgust,57.69,75.00,2.36,2.96,4.11,2.13,5.272
7,F,7_dg_5,Genuine,Disgust,96.15,84.61,3.28,3.73,4.84,1.62,1.535
7,F,7_dg_6,Genuine,Disgust,100.00,95.45,3.62,2.38,4.95,2.27,3.036
7,F,7_ds_1,Posed,Disgust,100.00,33.33,1.19,4.33,5.70,2.66,3.036
7,F,7_ds_2,Posed,Disgust,100.00,40.90,0.95,3.87,4.52,1.78,2.336
7,F,7_ds_3,Posed,Disgust,100.00,42.30,-0.08,3.53,4.68,1.95,3.070
7,F,7_fg_1,Genuine,Happiness,92.00,88.00,2.76,2.63,3.00,1.83,2.069
7,F,7_fg_2,Genuine,Happiness,92.31,92.30,2.85,2.91,4.73,1.71,3.270
7,F,7_fg_3,Genuine,Happiness,92.31,92.30,3.12,2.98,3.77,1.97,2.369
7,F,7_fg_4,Genuine,Happiness,96.97,15.15,3.36,3.31,4.91,2.05,3.770
7,F,7_fg_5,Genuine,Happiness,96.97,33.33,3.73,3.63,5.76,1.95,3.237
7,F,7_fs_1,Posed,Happiness,94.74,33.33,0.90,3.75,3.48,2.04,3.136
7,F,7_fs_2,Posed,Happiness,100.00,22.72,1.43,3.34,3.24,1.67,3.637
7,F,7_fs_3,Posed,Happiness,100.00,18.18,1.27,3.83,3.67,2.06,2.503
7,F,7_rg_1,Genuine,Anger,31.58,52.38,0.24,3.21,2.81,1.97,2.069
7,F,7_rg_2,Genuine,Anger,69.70,39.39,-0.27,3.71,3.12,1.93,3.303
7,F,7_rg_3,Genuine,Anger,54.55,81.81,2.50,2.09,2.45,2.15,2.069
7,F,7_rg_4,Genuine,Anger,51.52,60.61,2.70,3.50,3.48,2.22,2.169
7,F,7_rs_1,Posed,Anger,73.91,60.00,-1.64,4.19,3.76,2.09,4.505
7,F,7_rs_2,Posed,Anger,94.74,80.95,-3.10,3.62,3.71,1.76,4.438
7,F,7_rs_3,Posed,Anger,93.94,90.91,-0.94,4.24,4.00,2.09,3.637
7,F,7_sg_2,Genuine,Surprise,31.82,95.45,3.76,2.05,3.90,1.73,2.836
7,F,7_ss_1,Posed,Surprise,100.00,61.53,-1.38,4.93,6.15,2.29,2.536
7,F,7_ss_2,Posed,Surprise,95.45,50.00,-1.29,4.37,4.62,2.20,2.569
7,F,7_tg_1,Genuine,Sadness,75.76,87.88,3.00,3.45,6.03,1.91,5.272
7,F,7_ts_2,Posed,Sadness,39.39,60.61,-0.03,3.78,3.21,2.19,3.871
7,F,7_ts_3,Posed,Sadness,48.48,69.70,-1.73,4.35,3.55,2.08,3.203
8,F,8_dg_1,Genuine,Disgust,91.30,72.00,1.28,3.73,3.36,1.47,2.269
8,F,8_ds_1,Posed,Disgust,64.00,28.00,1.16,3.29,2.76,2.05,2.369
8,F,8_ds_2,Posed,Disgust,47.83,30.43,0.32,4.02,2.91,1.48,3.437
8,F,8_fg_1,Genuine,Happiness,100.00,90.90,3.27,2.19,3.68,2.32,2.302
8,F,8_fg_2,Genuine,Happiness,100.00,78.26,2.61,3.13,2.26,1.94,0.968
8,F,8_fg_3,Genuine,Happiness,95.45,95.45,3.32,2.17,3.86,2.05,3.136
8,F,8_fs_1,Posed,Happiness,100.00,40.90,0.71,4.21,3.90,1.22,3.203
8,F,8_fs_2,Posed,Happiness,78.95,47.61,0.19,3.84,2.62,1.40,3.737
8,F,8_fs_3,Posed,Happiness,100.00,40.90,0.52,3.92,4.05,1.83,2.369
8,F,8_pg_1,Genuine,Fear,77.27,77.27,2.14,3.43,2.32,1.52,1.001
8,F,8_ps_1,Posed,Fear,36.36,18.18,0.77,3.15,2.18,2.13,3.971
8,F,8_rs_1,Posed,Anger,50.00,50.00,-1.43,3.12,2.38,1.60,3.570
8,F,8_rs_2,Posed,Anger,45.83,58.33,-0.70,4.12,2.83,1.90,3.971
8,F,8_rs_3,Posed,Anger,61.54,80.76,-3.81,3.71,3.38,2.21,4.104
8,F,8_ss_1,Posed,Surprise,87.50,50.00,-0.85,3.91,3.42,1.47,1.668
8,F,8_ss_2,Posed,Surprise,78.26,47.82,-1.23,3.95,2.95,1.17,3.103
8,F,8_tg_1,Genuine,Sadness,34.78,48.00,0.04,3.16,2.04,1.43,6.273
8,F,8_tg_2,Genuine,Sadness,36.36,63.63,1.76,3.37,2.67,1.53,5.138
8,F,8_tg_3,Genuine,Sadness,66.67,64.70,1.12,3.52,3.29,2.26,4.338
8,F,8_tg_4,Genuine,Sadness,40.91,68.18,1.67,2.78,2.52,1.50,4.037
8,F,8_tg_5,Genuine,Sadness,30.30,66.67,2.67,3.40,3.73,2.49,4.638
8,F,8_tg_6,Genuine,Sadness,91.30,91.30,3.52,2.95,4.61,2.43,5.272
8,F,8_tg_7,Genuine,Sadness,93.94,57.58,3.52,2.91,5.09,2.13,4.972
8,F,8_tg_8,Genuine,Sadness,53.85,64.28,1.54,3.58,3.36,2.11,3.303
8,F,8_ts_1,Posed,Sadness,73.91,30.43,0.74,3.78,1.91,1.47,3.604
8,F,8_ts_2,Posed,Sadness,78.57,71.42,-3.00,3.50,2.11,1.55,3.270
8,F,8_ts_3,Posed,Sadness,61.54,50.00,-0.40,3.84,2.36,1.50,5.672
9,F,9_dg_1,Genuine,Disgust,95.24,82.60,2.04,3.30,2.48,1.81,2.569
9,F,9_ds_1,Posed,Disgust,85.71,26.08,1.39,3.49,3.30,1.66,2.836
9,F,9_ds_2,Posed,Disgust,88.46,15.38,2.88,3.22,3.81,1.88,3.270
9,F,9_fg_1,Genuine,Happiness,100.00,69.70,3.33,4.14,6.58,1.52,4.304
9,F,9_fg_2,Genuine,Happiness,100.00,48.48,5.55,2.60,7.15,1.42,3.937
9,F,9_fg_3,Genuine,Happiness,100.00,63.64,5.52,1.64,6.33,1.71,2.769
9,F,9_fg_4,Genuine,Happiness,100.00,75.76,5.24,1.70,5.88,2.04,2.736
9,F,9_fg_5,Genuine,Happiness,100.00,95.45,4.24,2.28,4.86,2.10,1.335
9,F,9_fs_1,Posed,Happiness,92.31,15.38,2.42,2.91,4.15,1.78,3.103
9,F,9_fs_2,Posed,Happiness,93.94,81.82,0.64,4.36,3.03,1.83,2.836
9,F,9_fs_3,Posed,Happiness,100.00,45.45,-0.19,3.74,3.62,1.28,3.570
9,F,9_pg_1,Genuine,Fear,45.45,86.36,3.14,2.50,2.29,1.52,2.603
9,F,9_ps_1,Posed,Fear,62.50,15.38,2.08,3.07,2.81,2.00,1.969
9,F,9_rs_1,Posed,Anger,45.45,31.81,0.91,3.31,3.05,2.01,2.836
9,F,9_sg_1,Genuine,Surprise,52.17,78.26,2.30,2.95,2.22,1.48,3.070
9,F,9_ss_1,Posed,Surprise,50.00,37.50,0.13,4.03,2.39,1.70,3.437
9,F,9_ss_2,Posed,Surprise,68.75,44.44,-0.33,3.69,2.78,1.86,2.169
9,F,9_ss_3,Posed,Surprise,92.00,20.00,2.38,3.79,2.92,1.38,2.736
9,F,9_tg_1,Genuine,Sadness,73.68,57.14,1.29,3.89,3.90,2.12,6.641
9,F,9_tg_2,Genuine,Sadness,96.97,78.79,3.61,3.53,7.00,2.12,9.748
9,F,9_ts_1,Posed,Sadness,35.29,47.36,-0.42,3.55,2.74,1.88,5.138
9,F,9_ts_2,Posed,Sadness,59.09,40.90,-0.36,3.95,3.41,1.92,5.706
10,F,10_dg_1,Genuine,Disgust,90.91,51.52,2.33,4.11,4.79,2.19,3.170
10,F,10_dg_2,Genuine,Disgust,69.23,84.61,2.52,2.99,4.36,1.96,2.269
10,F,10_dg_3,Genuine,Disgust,78.79,63.64,1.76,4.12,5.64,1.95,4.037
10,F,10_dg_4,Genuine,Disgust,100.00,69.56,2.00,4.21,5.91,2.07,2.002
10,F,10_ds_1,Posed,Disgust,85.00,27.27,0.91,3.83,3.68,1.96,2.369
10,F,10_ds_2,Posed,Disgust,95.45,40.90,0.62,4.26,4.05,1.99,2.669
10,F,10_ds_3,Posed,Disgust,95.45,40.90,0.76,4.18,4.29,1.90,2.769
10,F,10_ds_4,Posed,Disgust,78.26,16.00,1.96,2.86,4.60,2.42,3.770
10,F,10_fg_1,Genuine,Happiness,100.00,95.65,3.78,2.17,4.09,2.37,2.669
10,F,10_fg_2,Genuine,Happiness,100.00,72.73,4.45,2.32,5.03,1.81,2.202
10,F,10_fg_3,Genuine,Happiness,100.00,95.45,3.24,1.81,3.81,1.72,1.401
10,F,10_fs_1,Posed,Happiness,100.00,36.36,2.00,4.16,4.36,2.22,3.937
10,F,10_fs_2,Posed,Happiness,100.00,50.00,0.27,3.59,3.68,2.03,3.804
10,F,10_fs_3,Posed,Happiness,100.00,27.27,1.05,3.55,4.09,2.16,3.070
10,F,10_fs_4,Posed,Happiness,95.65,52.17,-0.36,3.81,3.14,1.49,3.237
10,F,10_pg_1,Genuine,Fear,31.82,62.50,1.00,3.45,2.79,2.11,2.069
10,F,10_pg_2,Genuine,Fear,65.38,84.61,3.19,2.88,3.81,1.74,2.369
10,F,10_ps_1,Posed,Fear,45.00,59.09,-1.27,3.84,3.55,2.15,3.337
10,F,10_ps_2,Posed,Fear,53.85,76.92,-2.72,3.87,3.68,1.80,2.636
10,F,10_ps_3,Posed,Fear,60.00,50.00,0.18,4.00,2.77,1.48,2.469
10,F,10_ps_4,Posed,Fear,79.17,66.66,-1.00,4.34,4.21,2.08,3.170
10,F,10_rg_1,Genuine,Anger,45.45,90.91,1.12,3.62,3.42,2.17,2.836
10,F,10_rs_1,Posed,Anger,76.92,50.00,-0.54,4.10,3.79,1.91,4.705
10,F,10_rs_2,Posed,Anger,81.82,50.00,-0.81,3.74,3.33,1.59,3.704
10,F,10_rs_3,Posed,Anger,80.77,53.84,-0.27,3.68,3.38,1.70,2.302
10,F,10_rs_4,Posed,Anger,80.77,46.15,-0.46,3.72,3.73,2.01,3.036
10,F,10_rs_5,Posed,Anger,87.50,50.00,-0.42,3.97,3.75,1.85,3.036
10,F,10_sg_1,Genuine,Surprise,92.31,92.59,3.96,1.77,3.76,1.88,2.236
10,F,10_sg_2,Genuine,Surprise,72.73,75.76,2.21,3.66,4.85,1.72,1.502
10,F,10_ss_1,Posed,Surprise,85.00,63.63,-1.41,3.59,3.14,1.96,1.301
10,F,10_ss_2,Posed,Surprise,55.56,75.00,-2.80,3.75,3.45,1.85,2.736
10,F,10_ss_3,Posed,Surprise,80.00,50.00,-0.77,3.72,3.82,1.71,1.468
10,F,10_tg_1,Genuine,Sadness,39.13,86.95,3.09,2.35,2.26,2.38,5.372
10,F,10_tg_2,Genuine,Sadness,76.00,96.42,4.07,1.80,3.81,2.13,6.540
10,F,10_tg_3,Genuine,Sadness,72.73,87.50,2.92,3.26,2.83,1.90,2.269
10,F,10_tg_4,Genuine,Sadness,65.38,96.15,3.68,2.17,3.24,2.39,2.903
10,F,10_tg_5,Genuine,Sadness,64.00,80.00,3.42,3.30,3.42,1.84,3.537
10,F,10_ts_1,Posed,Sadness,95.65,34.78,0.43,3.79,2.78,1.81,4.371
10,F,10_ts_2,Posed,Sadness,92.31,42.30,0.58,3.30,2.69,1.26,2.870
10,F,10_ts_3,Posed,Sadness,92.00,18.51,2.19,3.52,2.70,1.73,3.570
10,F,10_ts_4,Posed,Sadness,100.00,65.21,-1.17,3.90,3.09,1.70,4.404
11,M,11_dg_1,Genuine,Disgust,50.00,72.72,1.73,2.80,2.05,1.62,3.504
11,M,11_dg_2,Genuine,Disgust,92.31,80.76,2.64,3.20,3.96,1.70,4.471
11,M,11_dg_3,Genuine,Disgust,81.25,72.22,1.17,3.47,3.44,1.98,4.338
11,M,11_dg_4,Genuine,Disgust,95.45,95.45,3.33,2.61,3.14,1.71,1.602
11,M,11_dg_5,Genuine,Disgust,39.39,42.42,-0.06,3.87,4.15,2.67,4.271
11,M,11_dg_6,Genuine,Disgust,81.82,72.73,2.52,3.77,4.18,1.99,1.001
11,M,11_ds_1,Posed,Disgust,63.64,13.63,2.24,2.59,3.67,1.91,3.370
11,M,11_ds_2,Posed,Disgust,73.91,24.00,1.44,3.32,3.00,1.73,3.504
11,M,11_fg_1,Genuine,Happiness,93.94,54.55,2.15,3.88,3.76,2.26,3.337
11,M,11_fg_2,Genuine,Happiness,95.65,78.26,2.30,3.53,2.78,2.00,2.636
11,M,11_fg_3,Genuine,Happiness,100.00,48.48,3.79,2.52,4.58,1.98,2.369
11,M,11_fg_4,Genuine,Happiness,96.97,27.27,4.88,1.62,5.12,1.95,1.768
11,M,11_fs_1,Posed,Happiness,100.00,21.73,1.59,3.32,3.77,1.48,2.870
11,M,11_fs_2,Posed,Happiness,100.00,26.92,1.15,4.31,3.85,2.22,3.136
11,M,11_rg_3,Genuine,Anger,60.87,65.21,0.59,4.28,2.45,1.90,4.171
11,M,11_rg_4,Genuine,Anger,54.55,75.76,2.12,3.39,2.91,2.23,3.770
11,M,11_rs_1,Posed,Anger,40.91,36.36,-0.05,3.11,2.14,1.55,1.668
11,M,11_rs_2,Posed,Anger,60.00,41.17,-0.65,3.00,2.94,1.78,6.540
11,M,11_sg_1,Genuine,Surprise,66.67,82.35,2.65,2.80,2.24,1.68,2.569
11,M,11_sg_2,Genuine,Surprise,45.45,77.27,2.05,2.89,1.86,1.68,1.702
11,M,11_ss_1,Posed,Surprise,81.82,54.54,-1.48,3.60,3.14,1.82,2.669
11,M,11_ss_2,Posed,Surprise,90.91,22.72,1.86,3.66,4.19,1.63,2.503
11,M,11_tg_1,Genuine,Sadness,33.33,64.70,1.24,3.17,2.94,2.49,3.604
11,M,11_tg_2,Genuine,Sadness,52.00,85.18,2.00,3.28,2.22,1.55,6.073
11,M,11_tg_3,Genuine,Sadness,40.00,70.58,1.29,2.54,2.88,1.73,3.737
11,M,11_tg_4,Genuine,Sadness,60.87,80.00,2.68,2.46,2.60,2.38,11.111
11,M,11_ts_1,Posed,Sadness,73.91,52.17,-0.91,4.32,2.77,1.41,10.010
11,M,11_ts_2,Posed,Sadness,69.57,43.47,0.70,3.05,2.83,1.90,6.840
11,M,11_ts_3,Posed,Sadness,80.00,35.29,0.35,2.94,3.29,1.65,4.037
12,F,12_dg_1,Genuine,Disgust,72.73,75.76,0.88,4.13,4.18,1.89,5.172
12,F,12_dg_2,Genuine,Disgust,100.00,95.45,4.71,2.33,5.00,2.55,3.670
12,F,12_dg_3,Genuine,Disgust,80.00,77.77,2.19,3.32,3.93,1.73,3.871
12,F,12_dg_4,Genuine,Disgust,100.00,76.47,2.47,3.62,6.18,2.04,4.204
12,F,12_dg_5,Genuine,Disgust,100.00,68.18,1.77,3.45,4.27,2.03,3.937
12,F,12_ds_1,Posed,Disgust,69.57,47.82,-0.30,3.59,4.04,2.23,4.071
12,F,12_ds_2,Posed,Disgust,73.33,41.17,1.12,3.60,3.65,1.90,4.238
12,F,12_ds_3,Posed,Disgust,52.38,60.86,-1.83,4.48,4.35,1.72,3.737
12,F,12_fg_1,Genuine,Happiness,100.00,72.73,4.09,3.86,6.06,2.36,2.736
12,F,12_fg_2,Genuine,Happiness,100.00,88.46,4.31,3.41,6.77,2.08,1.101
12,F,12_fg_3,Genuine,Happiness,100.00,57.58,5.15,1.86,6.82,1.51,2.703
12,F,12_fs_1,Posed,Happiness,93.94,51.52,0.15,4.35,3.06,1.98,3.670
12,F,12_fs_3,Posed,Happiness,100.00,13.63,2.32,2.87,4.18,2.34,3.170
12,F,12_pg_1,Genuine,Fear,73.68,85.71,3.62,2.97,4.05,2.50,2.736
12,F,12_ps_1,Posed,Fear,82.14,39.28,1.11,4.13,3.70,1.54,3.937
12,F,12_ps_2,Posed,Fear,70.83,25.00,2.13,3.26,4.50,2.25,4.638
12,F,12_ps_3,Posed,Fear,100.00,40.90,1.18,2.65,4.41,1.87,3.170
12,F,12_rg_1,Genuine,Anger,60.00,92.00,3.00,2.43,2.25,1.54,2.269
12,F,12_rg_2,Genuine,Anger,38.46,86.20,3.36,2.25,2.96,2.28,2.536
12,F,12_rg_3,Genuine,Anger,48.48,54.55,2.06,3.19,2.58,1.68,3.170
12,F,12_rs_1,Posed,Anger,100.00,42.30,-0.28,4.37,4.68,1.86,4.238
12,F,12_rs_2,Posed,Anger,86.36,40.90,-0.05,4.63,4.43,1.94,5.239
12,F,12_rs_3,Posed,Anger,93.94,81.82,-1.70,3.79,4.42,2.00,3.871
12,F,12_sg_1,Genuine,Surprise,36.84,66.66,1.71,2.92,2.48,1.75,3.036
12,F,12_ss_1,Posed,Surprise,100.00,64.28,-1.43,4.18,4.21,2.35,3.270
12,F,12_ss_2,Posed,Surprise,86.36,36.36,0.14,3.31,3.36,2.19,2.636
12,F,12_ts_1,Posed,Sadness,68.18,45.45,0.32,3.68,3.27,1.93,5.906
12,F,12_ts_2,Posed,Sadness,86.36,72.72,-1.62,3.49,3.86,1.46,3.537
13,F,13_dg_1,Genuine,Disgust,80.00,95.45,3.14,2.27,3.05,1.59,3.437
13,F,13_dg_2,Genuine,Disgust,100.00,95.65,3.86,1.91,5.45,2.22,1.935
13,F,13_ds_1,Posed,Disgust,91.67,15.38,2.58,3.23,5.19,1.67,1.902
13,F,13_ds_2,Posed,Disgust,95.45,36.36,0.95,3.67,5.18,2.36,2.569
13,F,13_fg_1,Genuine,Happiness,95.45,95.65,4.18,1.71,4.05,1.86,4.605
13,F,13_fg_2,Genuine,Happiness,81.82,75.00,1.83,3.34,2.46,1.53,3.504
13,F,13_fg_3,Genuine,Happiness,90.91,90.90,2.71,2.76,3.48,1.97,1.602
13,F,13_fg_4,Genuine,Happiness,100.00,88.23,3.29,2.89,4.18,1.55,1.001
13,F,13_fg_5,Genuine,Happiness,96.97,51.52,4.48,2.36,5.12,2.23,2.169
13,F,13_fs_1,Posed,Happiness,100.00,65.21,-1.91,3.79,3.36,1.18,2.302
13,F,13_fs_2,Posed,Happiness,96.97,36.36,0.79,4.25,2.97,1.69,2.336
13,F,13_pg_2,Genuine,Fear,30.77,82.14,2.68,4.06,3.25,2.03,2.402
13,F,13_pg_3,Genuine,Fear,78.95,95.23,3.90,2.36,4.43,2.06,1.835
13,F,13_ps_1,Posed,Fear,53.85,46.15,0.16,3.65,3.80,1.63,2.769
13,F,13_ps_2,Posed,Fear,90.91,40.90,0.81,3.19,3.57,1.69,2.603
13,F,13_ps_3,Posed,Fear,64.00,36.00,0.76,3.83,3.40,2.31,1.802
13,F,13_ps_4,Posed,Fear,81.82,50.00,0.32,4.00,4.23,1.85,1.602
13,F,13_rs_1,Posed,Anger,38.46,50.00,-0.35,4.55,4.15,2.19,3.470
13,F,13_sg_1,Genuine,Surprise,88.46,92.59,4.08,1.85,3.85,2.01,2.035
13,F,13_ss_1,Posed,Surprise,68.42,71.42,-2.29,4.00,3.38,1.50,1.602
13,F,13_ss_2,Posed,Surprise,90.91,59.09,-0.86,4.25,3.71,1.15,0.834
13,F,13_tg_1,Genuine,Sadness,84.85,27.27,4.12,3.17,5.45,2.33,7.040
13,F,13_tg_2,Genuine,Sadness,40.91,59.09,1.27,2.27,2.18,1.97,7.307
13,F,13_tg_3,Genuine,Sadness,72.73,45.45,3.91,3.17,5.61,1.90,7.474
13,F,13_ts_1,Posed,Sadness,40.91,27.27,0.76,3.30,2.95,1.86,2.836
13,F,13_ts_2,Posed,Sadness,75.00,70.83,-2.52,3.91,4.00,1.78,4.805
14,M,14_ds_1,Posed,Disgust,30.43,26.08,1.22,3.03,2.91,2.15,5.506
14,M,14_fg_1,Genuine,Happiness,100.00,95.83,4.95,1.62,4.86,1.73,3.971
14,M,14_fg_2,Genuine,Happiness,100.00,95.83,4.73,1.80,4.68,1.94,2.569
14,M,14_fg_3,Genuine,Happiness,77.27,72.72,2.09,2.52,2.27,1.93,4.338
14,M,14_fs_1,Posed,Happiness,68.18,45.45,0.38,3.92,3.48,1.47,4.571
14,M,14_pg_1,Genuine,Fear,40.91,81.81,2.71,2.63,2.33,1.91,1.335
14,M,14_pg_2,Genuine,Fear,46.15,92.30,4.00,3.16,2.65,1.74,1.902
14,M,14_ps_1,Posed,Fear,38.10,47.82,-0.43,3.62,2.70,1.52,2.169
14,M,14_ps_2,Posed,Fear,45.45,63.63,-1.33,3.47,3.86,1.68,1.802
14,M,14_rs_2,Posed,Anger,36.36,18.18,1.50,2.63,1.91,1.63,2.936
14,M,14_rs_3,Posed,Anger,40.91,22.72,2.29,3.57,2.33,1.43,5.205
14,M,14_sg_1,Genuine,Surprise,54.17,75.00,3.00,2.84,2.25,2.15,3.470
14,M,14_ss_1,Posed,Surprise,92.00,29.62,1.19,3.44,3.70,1.86,3.337
15,F,15_dg_1,Genuine,Disgust,92.00,92.00,4.08,2.26,4.75,2.09,2.169
15,F,15_dg_2,Genuine,Disgust,73.08,84.61,3.28,2.72,4.24,2.18,5.138
15,F,15_dg_3,Genuine,Disgust,96.15,96.15,4.42,2.34,5.77,1.97,4.404
15,F,15_ds_1,Posed,Disgust,93.94,48.48,3.64,2.73,6.52,2.14,2.903
15,F,15_ds_2,Posed,Disgust,93.94,60.61,2.85,3.07,4.91,1.61,3.637
15,F,15_ds_3,Posed,Disgust,88.46,3.84,3.56,2.10,4.92,1.73,3.003
15,F,15_fg_1,Genuine,Happiness,100.00,66.67,4.76,2.67,5.27,2.18,4.238
15,F,15_fg_2,Genuine,Happiness,100.00,95.83,4.33,2.32,6.75,2.05,1.768
15,F,15_fg_3,Genuine,Happiness,100.00,63.64,4.06,3.51,4.85,2.12,2.369
15,F,15_fg_4,Genuine,Happiness,100.00,92.00,3.84,2.15,4.12,1.99,3.537
15,F,15_fg_5,Genuine,Happiness,100.00,91.30,3.13,2.14,3.87,2.20,2.803
15,F,15_fg_6,Genuine,Happiness,100.00,57.58,4.45,3.02,5.39,2.25,4.338
15,F,15_fg_7,Genuine,Happiness,100.00,86.36,3.41,2.82,4.55,2.28,4.204
15,F,15_fg_8,Genuine,Happiness,100.00,95.65,5.38,1.60,5.19,2.40,2.169
15,F,15_fs_1,Posed,Happiness,93.94,51.52,3.67,3.11,4.61,1.92,1.869
15,F,15_fs_2,Posed,Happiness,42.42,45.45,2.33,4.23,4.70,2.46,2.936
15,F,15_pg_1,Genuine,Fear,36.36,90.90,3.50,3.46,6.00,2.54,0.968
15,F,15_pg_2,Genuine,Fear,90.48,86.95,3.91,3.67,7.13,2.01,0.767
15,F,15_ps_1,Posed,Fear,57.58,48.48,1.52,5.05,6.85,1.80,1.635
15,F,15_ps_2,Posed,Fear,69.70,39.39,4.18,2.70,6.33,1.80,1.869
15,F,15_rg_1,Genuine,Anger,31.82,90.90,3.24,2.14,4.43,2.34,2.002
15,F,15_rs_1,Posed,Anger,78.79,57.58,0.12,4.11,4.27,2.57,5.138
15,F,15_rs_2,Posed,Anger,96.97,75.76,-0.39,4.44,5.45,2.31,3.704
15,F,15_sg_1,Genuine,Surprise,86.96,95.65,3.48,2.59,2.35,1.77,1.969
15,F,15_sg_2,Genuine,Surprise,65.00,86.36,3.36,2.94,4.05,2.08,3.904
15,F,15_sg_3,Genuine,Surprise,92.31,96.15,4.15,2.13,3.12,1.73,2.269
15,F,15_sg_4,Genuine,Surprise,91.30,69.56,1.13,3.36,3.61,1.41,1.201
15,F,15_ss_2,Posed,Surprise,69.70,75.76,0.12,4.11,6.06,2.00,2.102
15,F,15_tg_1,Genuine,Sadness,43.48,60.86,0.78,3.50,2.57,1.70,3.403
15,F,15_tg_2,Genuine,Sadness,66.67,66.67,1.70,3.11,3.30,2.01,4.538
15,F,15_tg_3,Genuine,Sadness,60.00,52.94,0.12,4.64,3.94,1.89,3.904
15,F,15_ts_1,Posed,Sadness,45.45,45.45,-0.27,4.56,4.32,1.99,4.137
15,F,15_ts_2,Posed,Sadness,33.33,39.39,1.36,3.96,4.21,2.15,4.938
16,F,16_dg_1,Genuine,Disgust,85.71,86.95,2.91,2.73,4.65,2.19,2.469
16,F,16_dg_2,Genuine,Disgust,91.67,80.76,2.54,2.85,5.12,1.56,2.970
16,F,16_dg_3,Genuine,Disgust,100.00,77.27,3.10,4.13,6.81,1.60,1.869
16,F,16_dg_4,Genuine,Disgust,100.00,82.75,3.07,3.59,6.39,1.52,0.868
16,F,16_ds_1,Posed,Disgust,81.82,36.36,0.58,3.66,4.82,1.67,2.970
16,F,16_ds_2,Posed,Disgust,90.91,4.54,2.91,2.00,3.55,1.77,1.568
16,F,16_ds_3,Posed,Disgust,90.91,8.33,2.92,2.52,3.79,2.06,2.202
16,F,16_fg_1,Genuine,Happiness,86.36,86.36,3.43,2.91,4.57,1.69,2.102
16,F,16_fg_2,Genuine,Happiness,85.00,95.65,4.45,2.24,5.05,2.42,2.669
16,F,16_fg_3,Genuine,Happiness,100.00,96.29,5.08,1.65,5.19,2.14,1.869
16,F,16_fg_4,Genuine,Happiness,100.00,95.83,5.55,1.22,5.91,1.85,2.903
16,F,16_fg_5,Genuine,Happiness,96.43,92.85,4.93,2.74,6.52,1.85,2.970
16,F,16_fs_1,Posed,Happiness,100.00,39.39,1.00,4.51,3.76,2.24,2.135
16,F,16_fs_2,Posed,Happiness,100.00,45.45,-0.82,4.35,2.94,1.80,1.168
16,F,16_pg_1,Genuine,Fear,39.39,45.45,2.36,3.31,4.94,2.09,1.468
16,F,16_pg_2,Genuine,Fear,81.82,42.42,2.85,4.20,6.88,1.58,0.375
16,F,16_ps_1,Posed,Fear,34.62,30.76,2.85,4.00,8.04,1.22,1.068
16,F,16_ps_3,Posed,Fear,36.36,50.00,-0.19,4.25,4.67,1.71,1.401
16,F,16_ps_4,Posed,Fear,54.55,72.73,1.52,3.43,4.52,2.08,2.069
16,F,16_ps_5,Posed,Fear,63.64,69.70,0.70,4.10,4.67,2.03,2.436
16,F,16_rg_1,Genuine,Anger,66.67,63.64,2.21,3.08,3.18,2.08,4.505
16,F,16_rg_2,Genuine,Anger,96.97,66.67,2.48,4.47,6.52,1.95,3.203
16,F,16_rg_3,Genuine,Anger,100.00,77.27,3.00,3.48,6.57,1.25,1.802
16,F,16_rs_1,Posed,Anger,61.90,30.43,0.57,3.87,2.65,1.90,2.970
16,F,16_rs_2,Posed,Anger,68.18,31.81,0.27,3.03,2.36,2.19,2.469
16,F,16_rs_3,Posed,Anger,93.94,51.52,-0.73,3.89,3.42,1.70,3.103
16,F,16_sg_1,Genuine,Surprise,88.00,96.15,4.16,2.12,3.68,1.95,2.269
16,F,16_sg_2,Genuine,Surprise,60.00,52.00,0.20,4.00,4.24,2.07,2.536
16,F,16_sg_3,Genuine,Surprise,39.13,65.21,0.70,4.48,4.74,2.07,2.269
16,F,16_sg_4,Genuine,Surprise,75.76,45.45,1.00,4.02,4.67,2.06,2.936
16,F,16_ss_1,Posed,Surprise,91.30,69.56,-2.39,4.62,4.65,2.25,1.134
16,F,16_ss_2,Posed,Surprise,78.79,87.88,-1.82,4.76,4.61,2.36,1.969
16,F,16_ss_3,Posed,Surprise,76.92,53.57,-1.86,4.95,4.39,2.36,1.902
16,F,16_ss_4,Posed,Surprise,75.76,30.30,-1.73,4.52,5.12,2.04,1.335
16,F,16_ss_5,Posed,Surprise,75.76,21.21,-2.45,4.21,4.52,2.32,1.368
16,F,16_tg_2,Genuine,Sadness,57.69,69.23,2.15,3.62,2.54,2.20,5.572
16,F,16_tg_3,Genuine,Sadness,72.73,72.72,1.82,3.36,2.82,2.02,4.271
16,F,16_tg_4,Genuine,Sadness,93.94,24.24,3.03,3.44,4.76,1.98,6.974
16,F,16_ts_1,Posed,Sadness,80.00,36.36,0.82,3.94,4.36,1.89,5.839
16,F,16_ts_2,Posed,Sadness,95.45,13.63,2.55,2.69,4.05,2.01,6.807
16,F,16_ts_3,Posed,Sadness,86.96,44.00,-0.48,3.99,2.68,1.60,3.303
16,F,16_ts_4,Posed,Sadness,82.61,26.08,1.77,3.37,3.27,1.88,2.936
16,F,16_ts_5,Posed,Sadness,63.64,13.63,2.48,2.40,3.00,2.07,2.603
16,F,16_ts_6,Posed,Sadness,100.00,87.88,-3.12,3.97,2.48,1.75,4.271
17,M,17_dg_1,Genuine,Disgust,68.18,95.45,3.33,1.96,3.29,1.35,2.669
17,M,17_dg_2,Genuine,Disgust,42.31,78.57,2.14,3.08,3.68,1.66,1.568
17,M,17_dg_3,Genuine,Disgust,46.67,70.58,1.06,4.16,4.65,1.41,3.504
17,M,17_dg_4,Genuine,Disgust,100.00,81.81,2.43,3.83,3.86,1.80,3.737
17,M,17_ds_1,Posed,Disgust,84.85,27.27,-1.00,4.32,4.73,2.30,3.604
17,M,17_ds_2,Posed,Disgust,73.08,26.92,2.04,3.73,3.85,1.91,2.369
17,M,17_fg_1,Genuine,Happiness,96.97,66.67,4.94,1.95,6.88,1.58,2.469
17,M,17_fg_3,Genuine,Happiness,34.78,78.26,2.73,3.33,1.73,0.98,1.969
17,M,17_fg_4,Genuine,Happiness,95.24,91.30,3.26,2.83,3.91,1.28,3.537
17,M,17_fg_5,Genuine,Happiness,85.19,75.86,3.07,3.51,4.52,1.96,3.437
17,M,17_fg_6,Genuine,Happiness,66.67,86.95,2.65,3.28,2.96,1.80,4.238
17,M,17_fs_1,Posed,Happiness,100.00,84.85,-3.18,3.79,4.70,2.31,2.169
17,M,17_pg_3,Genuine,Fear,72.73,95.65,4.62,1.80,4.71,1.98,1.201
17,M,17_rg_1,Genuine,Anger,55.56,88.88,4.19,2.75,3.89,2.94,2.603
17,M,17_rg_3,Genuine,Anger,72.00,80.00,2.92,2.77,3.04,1.74,5.138
17,M,17_rg_4,Genuine,Anger,69.23,89.28,2.79,1.95,2.82,2.16,4.471
17,M,17_rs_1,Posed,Anger,78.79,93.94,0.36,3.81,4.09,2.16,3.403
17,M,17_rs_2,Posed,Anger,93.94,42.42,-2.67,3.81,3.73,1.97,1.969
17,M,17_ss_1,Posed,Surprise,100.00,36.36,1.10,3.90,3.95,1.56,1.568
17,M,17_ss_2,Posed,Surprise,66.67,29.41,0.88,3.85,4.18,1.51,0.968
17,M,17_ss_3,Posed,Surprise,63.64,87.88,2.27,2.94,3.24,2.02,1.468
17,M,17_ss_4,Posed,Surprise,96.15,11.53,2.68,2.56,4.24,1.69,1.368
17,M,17_tg_2,Genuine,Sadness,43.48,60.86,1.48,2.89,1.26,1.14,5.239
17,M,17_tg_3,Genuine,Sadness,40.00,64.70,1.47,2.85,2.59,2.18,5.339
17,M,17_ts_1,Posed,Sadness,72.73,39.39,-1.58,3.99,2.36,1.83,4.204
17,M,17_ts_2,Posed,Sadness,72.73,59.09,-1.05,4.01,3.23,2.31,3.237
17,M,17_ts_3,Posed,Sadness,72.73,45.45,-0.48,4.21,3.05,1.83,3.237
18,F,18_dg_1,Genuine,Disgust,92.31,92.59,3.58,1.96,2.88,1.73,1.568
18,F,18_dg_2,Genuine,Disgust,30.43,78.26,1.50,4.04,2.32,1.59,1.969
18,F,18_dg_3,Genuine,Disgust,100.00,91.66,3.17,2.93,3.92,1.89,1.702
18,F,18_ds_1,Posed,Disgust,91.30,26.08,2.09,2.94,3.39,1.85,2.402
18,F,18_ds_2,Posed,Disgust,81.82,16.66,1.54,3.55,2.96,1.73,1.468
18,F,18_ds_3,Posed,Disgust,90.00,27.27,1.68,3.55,3.18,1.76,1.668
18,F,18_ds_4,Posed,Disgust,95.45,31.81,1.45,3.57,3.27,1.91,1.668
18,F,18_ds_5,Posed,Disgust,77.27,18.18,1.18,2.91,2.55,2.04,1.602
18,F,18_ds_6,Posed,Disgust,87.88,93.94,1.73,3.79,3.82,1.74,2.002
18,F,18_fg_1,Genuine,Happiness,94.12,94.73,3.37,2.29,3.68,1.70,2.569
18,F,18_fg_2,Genuine,Happiness,91.30,96.15,4.32,1.49,5.20,1.96,3.871
18,F,18_fg_3,Genuine,Happiness,100.00,95.83,4.91,1.27,5.27,1.78,3.170
18,F,18_fg_4,Genuine,Happiness,100.00,95.83,4.38,2.22,5.17,2.16,1.902
18,F,18_fg_5,Genuine,Happiness,100.00,96.29,5.28,1.65,5.92,1.68,2.035
18,F,18_fg_6,Genuine,Happiness,100.00,95.65,4.18,1.59,5.36,2.13,2.169
18,F,18_fg_7,Genuine,Happiness,96.97,90.91,4.73,2.36,5.79,1.93,1.869
18,F,18_fg_8,Genuine,Happiness,95.45,95.65,5.19,1.40,5.29,2.05,1.835
18,F,18_fg_9,Genuine,Happiness,95.45,86.36,3.57,2.86,4.29,1.68,3.637
18,F,18_fs_1,Posed,Happiness,96.97,87.88,0.97,4.13,4.27,2.05,1.969
18,F,18_fs_2,Posed,Happiness,100.00,9.09,2.21,3.87,4.70,1.81,2.469
18,F,18_fs_3,Posed,Happiness,96.97,24.24,0.30,4.38,4.06,2.18,1.502
18,F,18_pg_2,Genuine,Fear,39.39,36.36,1.67,3.76,4.39,1.92,0.868
18,F,18_pg_4,Genuine,Fear,77.27,95.45,3.24,1.76,3.62,1.80,1.201
18,F,18_pg_5,Genuine,Fear,52.17,69.56,1.86,4.06,3.09,1.63,1.835
18,F,18_ps_1,Posed,Fear,42.42,54.55,0.76,3.99,3.61,1.94,1.602
18,F,18_ps_2,Posed,Fear,48.48,93.94,-1.30,4.13,3.33,1.74,1.668
18,F,18_ps_3,Posed,Fear,42.42,81.82,1.58,3.07,4.42,1.95,2.135
18,F,18_ps_4,Posed,Fear,50.00,46.15,-0.60,4.13,3.64,1.44,1.468
18,F,18_ps_5,Posed,Fear,33.33,93.94,-0.97,3.41,3.09,1.68,2.002
18,F,18_rg_4,Genuine,Anger,57.58,39.39,2.24,3.45,3.94,2.44,5.205
18,F,18_rs_1,Posed,Anger,51.52,27.27,-1.33,4.32,2.94,2.01,0.868
18,F,18_sg_1,Genuine,Surprise,65.22,78.26,2.78,2.66,3.04,1.74,2.736
18,F,18_sg_2,Genuine,Surprise,69.57,95.83,5.50,1.44,5.27,1.88,1.268
18,F,18_sg_3,Genuine,Surprise,83.33,60.00,0.75,3.75,3.50,1.73,2.903
18,F,18_sg_4,Genuine,Surprise,72.73,91.66,3.13,2.36,2.88,1.78,1.201
18,F,18_ss_1,Posed,Surprise,100.00,50.00,0.05,4.42,4.48,1.47,1.001
18,F,18_ss_2,Posed,Surprise,90.91,30.30,1.18,4.18,4.18,1.98,0.901
18,F,18_ss_3,Posed,Surprise,100.00,85.71,-3.43,3.08,3.19,2.20,1.668
18,F,18_ss_4,Posed,Surprise,96.97,69.70,-1.09,4.43,4.00,2.17,1.702
18,F,18_tg_1,Genuine,Sadness,53.85,84.61,3.27,3.18,3.08,1.96,5.739
18,F,18_tg_3,Genuine,Sadness,45.45,78.26,2.77,1.95,1.95,1.86,4.938
18,F,18_tg_4,Genuine,Sadness,72.73,77.27,2.71,3.44,2.29,1.27,2.603
18,F,18_tg_5,Genuine,Sadness,50.00,90.90,2.90,2.10,3.05,2.09,4.505
18,F,18_ts_1,Posed,Sadness,60.00,44.00,-0.20,3.87,3.40,2.08,4.071
18,F,18_ts_2,Posed,Sadness,52.17,44.00,-0.24,3.94,2.64,1.47,4.037
18,F,18_ts_3,Posed,Sadness,54.55,40.90,0.27,3.92,2.95,1.94,3.537
18,F,18_ts_4,Posed,Sadness,30.77,46.42,-0.18,4.44,2.64,1.59,2.669
18,F,18_ts_5,Posed,Sadness,63.64,39.39,-1.55,3.95,2.18,1.42,2.436
19,F,19_dg_1,Genuine,Disgust,91.30,95.83,4.05,1.84,4.00,1.90,2.469
19,F,19_dg_2,Genuine,Disgust,33.33,70.58,1.71,2.85,4.18,2.01,2.269
19,F,19_dg_4,Genuine,Disgust,73.08,80.76,2.54,3.75,2.73,2.01,2.269
19,F,19_dg_6,Genuine,Disgust,90.00,72.72,2.18,3.86,4.55,2.09,3.971
19,F,19_dg_7,Genuine,Disgust,88.46,96.15,4.28,2.39,4.84,1.91,2.302
19,F,19_dg_8,Genuine,Disgust,72.00,84.00,2.96,3.59,4.13,2.01,3.904
19,F,19_dg_9,Genuine,Disgust,94.44,70.00,1.80,4.26,4.90,2.07,2.269
19,F,19_ds_1,Posed,Disgust,59.09,72.72,-2.38,3.63,3.71,1.68,2.069
19,F,19_ds_2,Posed,Disgust,50.00,40.90,0.59,2.97,2.59,1.44,1.869
19,F,19_ds_3,Posed,Disgust,84.85,54.55,0.24,3.82,3.52,1.86,1.568
19,F,19_ds_4,Posed,Disgust,72.73,69.70,-0.58,3.95,2.70,1.63,2.870
19,F,19_fg_1,Genuine,Happiness,95.45,54.54,0.73,3.59,3.05,1.56,2.569
19,F,19_fg_10,Genuine,Happiness,100.00,84.61,3.73,3.92,5.65,2.33,2.736
19,F,19_fg_11,Genuine,Happiness,96.15,92.85,3.93,3.09,4.61,1.71,1.869
19,F,19_fg_12,Genuine,Happiness,100.00,95.65,4.30,2.32,5.09,1.88,2.536
19,F,19_fg_13,Genuine,Happiness,94.74,95.23,4.33,1.91,4.71,1.98,2.369
19,F,19_fg_2,Genuine,Happiness,95.65,95.65,3.64,2.54,4.18,1.76,3.003
19,F,19_fg_3,Genuine,Happiness,100.00,96.42,4.93,1.82,5.18,2.00,3.337
19,F,19_fg_4,Genuine,Happiness,90.00,77.27,2.91,2.86,3.91,2.04,5.806
19,F,19_fg_5,Genuine,Happiness,91.30,78.26,1.78,3.12,3.00,1.91,2.169
19,F,19_fg_6,Genuine,Happiness,95.65,91.66,4.09,1.98,4.57,2.31,3.904
19,F,19_fg_7,Genuine,Happiness,94.74,95.23,4.10,1.81,5.05,2.18,4.972
19,F,19_fg_8,Genuine,Happiness,100.00,95.45,4.36,2.42,4.41,1.71,3.504
19,F,19_fg_9,Genuine,Happiness,91.30,95.83,4.91,1.74,4.50,2.11,3.704
19,F,19_fs_1,Posed,Happiness,100.00,59.09,-1.27,4.44,4.32,2.21,2.536
19,F,19_fs_2,Posed,Happiness,100.00,50.00,-0.81,4.67,4.35,1.70,1.702
19,F,19_fs_3,Posed,Happiness,100.00,27.27,2.33,3.83,4.33,1.83,2.469
19,F,19_fs_4,Posed,Happiness,96.97,18.18,2.03,3.75,4.61,1.92,2.503
19,F,19_pg_1,Genuine,Fear,65.00,81.81,3.09,2.89,2.95,1.94,3.070
19,F,19_pg_2,Genuine,Fear,59.26,85.18,3.65,3.36,4.65,2.43,1.568
19,F,19_pg_3,Genuine,Fear,80.95,78.26,2.39,3.47,4.65,2.59,4.404
19,F,19_pg_4,Genuine,Fear,90.91,77.27,3.10,3.69,4.48,2.23,1.602
19,F,19_pg_5,Genuine,Fear,42.31,61.53,0.58,4.99,3.23,1.82,1.635
19,F,19_pg_7,Genuine,Fear,59.09,86.36,2.62,2.85,3.14,1.28,2.169
19,F,19_pg_8,Genuine,Fear,82.61,95.83,5.50,1.79,6.36,2.13,0.901
19,F,19_rg_1,Genuine,Anger,31.25,72.22,1.61,3.45,3.00,2.11,4.972
19,F,19_rg_2,Genuine,Anger,50.00,63.63,1.29,4.44,3.57,1.43,3.237
19,F,19_rg_4,Genuine,Anger,92.31,61.53,0.88,4.24,5.85,2.65,2.903
19,F,19_rg_5,Genuine,Anger,45.45,86.36,2.52,3.01,3.10,1.48,2.836
19,F,19_rs_1,Posed,Anger,82.61,82.60,-4.65,3.31,2.96,1.99,2.436
19,F,19_rs_2,Posed,Anger,57.58,30.30,-2.85,3.85,2.64,1.75,1.602
19,F,19_rs_3,Posed,Anger,60.61,24.24,-1.33,3.75,2.55,1.66,2.569
19,F,19_rs_4,Posed,Anger,72.73,39.39,-2.15,3.96,2.85,1.99,1.068
19,F,19_sg_1,Genuine,Surprise,76.19,86.95,2.61,3.35,2.30,1.40,1.902
19,F,19_sg_3,Genuine,Surprise,50.00,96.15,4.12,2.18,4.81,1.94,1.368
19,F,19_ss_1,Posed,Surprise,72.73,63.64,-3.06,3.33,3.06,1.89,2.269
19,F,19_ss_2,Posed,Surprise,90.91,90.91,-2.39,4.15,3.36,2.10,1.969
19,F,19_ss_3,Posed,Surprise,100.00,80.76,-3.31,3.73,3.85,1.95,2.469
19,F,19_ts_2,Posed,Sadness,63.64,45.45,0.10,3.99,2.90,1.48,5.706
19,F,19_ts_3,Posed,Sadness,80.77,69.23,-1.58,4.55,2.65,1.65,2.336
20,F,20_dg_1,Genuine,Disgust,100.00,86.36,3.48,2.99,3.57,1.94,1.168
20,F,20_dg_2,Genuine,Disgust,95.45,95.45,3.27,2.47,3.23,1.41,3.670
20,F,20_dg_3,Genuine,Disgust,100.00,73.91,1.96,3.62,4.83,2.06,2.402
20,F,20_dg_4,Genuine,Disgust,92.31,84.61,2.96,2.90,4.00,1.88,4.505
20,F,20_dg_5,Genuine,Disgust,81.82,95.45,3.76,2.39,3.71,1.52,2.703
20,F,20_ds_1,Posed,Disgust,100.00,12.00,2.36,2.58,3.72,1.65,3.103
20,F,20_ds_2,Posed,Disgust,100.00,40.90,0.64,3.37,3.86,1.64,1.969
20,F,20_fg_1,Genuine,Happiness,95.45,95.65,5.10,1.70,6.00,1.61,3.504
20,F,20_fg_2,Genuine,Happiness,100.00,95.45,3.77,2.14,3.82,1.65,2.169
20,F,20_fg_3,Genuine,Happiness,86.36,86.36,3.29,3.21,4.81,1.40,3.237
20,F,20_fs_1,Posed,Happiness,87.50,25.00,1.58,3.26,2.54,1.86,2.035
20,F,20_fs_2,Posed,Happiness,94.44,90.47,-5.15,1.79,3.55,1.99,1.368
20,F,20_pg_1,Genuine,Fear,55.56,90.00,2.95,2.67,3.80,1.70,2.169
20,F,20_ps_2,Posed,Fear,36.36,18.18,2.19,3.19,3.81,1.72,1.668
20,F,20_ps_3,Posed,Fear,30.43,30.43,1.32,4.03,3.91,1.41,1.168
20,F,20_rs_3,Posed,Anger,59.09,77.27,-2.90,4.01,4.10,1.79,1.702
20,F,20_sg_1,Genuine,Surprise,31.25,88.88,3.61,2.70,4.00,1.78,2.069
20,F,20_ss_1,Posed,Surprise,95.45,50.00,0.23,4.15,5.68,2.44,0.667
20,F,20_ss_2,Posed,Surprise,96.15,76.92,-3.08,4.02,6.00,2.42,1.468
20,F,20_ss_3,Posed,Surprise,66.67,82.35,-4.18,3.76,4.71,2.02,1.568
20,F,20_ss_4,Posed,Surprise,90.91,77.27,-3.24,4.02,4.57,1.80,0.901
20,F,20_tg_1,Genuine,Sadness,86.36,81.81,2.67,4.00,3.90,2.14,9.943
20,F,20_tg_2,Genuine,Sadness,91.30,95.65,3.14,2.03,4.27,2.23,4.372
20,F,20_ts_1,Posed,Sadness,77.78,65.00,-1.90,3.52,2.95,1.99,1.969
20,F,20_ts_2,Posed,Sadness,86.36,77.27,-2.57,3.78,3.24,1.37,6.007
20,F,20_ts_3,Posed,Sadness,72.73,63.63,-1.19,3.56,3.52,1.54,2.403
21,F,21_dg_1,Genuine,Disgust,95.65,73.91,2.22,3.86,5.04,2.38,1.568
21,F,21_dg_2,Genuine,Disgust,65.22,72.00,1.84,3.45,3.56,1.83,2.069
21,F,21_dg_3,Genuine,Disgust,92.31,75.00,2.04,3.93,3.54,1.88,2.069
21,F,21_ds_1,Posed,Disgust,100.00,30.43,0.96,3.87,4.04,1.77,1.869
21,F,21_ds_2,Posed,Disgust,96.15,23.07,2.77,3.31,4.38,2.12,2.336
21,F,21_fg_1,Genuine,Happiness,73.08,96.15,3.31,2.28,2.88,1.61,3.270
21,F,21_fg_2,Genuine,Happiness,100.00,86.95,3.82,2.84,4.68,2.01,2.669
21,F,21_fg_3,Genuine,Happiness,100.00,96.15,4.08,2.00,5.12,2.25,2.469
21,F,21_fg_4,Genuine,Happiness,100.00,95.45,4.14,2.66,6.32,2.25,1.401
21,F,21_fs_1,Posed,Happiness,82.14,89.28,-5.37,3.43,2.56,2.14,2.636
21,F,21_fs_2,Posed,Happiness,96.00,96.00,-5.48,2.33,3.92,2.53,2.669
21,F,21_fs_3,Posed,Happiness,96.15,92.85,-5.21,2.50,2.86,2.85,3.103
21,F,21_pg_2,Genuine,Fear,69.57,88.00,4.40,2.72,6.68,2.39,1.371
21,F,21_ps_1,Posed,Fear,59.26,40.74,0.67,4.47,4.26,2.16,2.169
21,F,21_rg_2,Genuine,Anger,33.33,78.26,2.39,3.04,2.17,1.77,3.871
21,F,21_rs_1,Posed,Anger,65.38,78.57,-4.14,3.70,2.32,1.70,3.904
21,F,21_rs_2,Posed,Anger,59.09,72.72,-2.36,3.36,2.18,1.33,3.070
21,F,21_ss_1,Posed,Surprise,87.50,95.83,-4.96,3.07,4.46,2.28,2.669
21,F,21_ss_2,Posed,Surprise,95.00,86.36,-3.36,3.59,4.05,2.15,2.102
21,F,21_tg_1,Genuine,Sadness,91.30,91.30,4.73,3.51,6.68,2.51,13.747
21,F,21_ts_1,Posed,Sadness,88.46,46.15,-0.46,4.26,2.62,1.65,3.804
21,F,21_ts_2,Posed,Sadness,72.73,54.54,-1.23,3.84,2.45,1.60,4.671
22,F,22_dg_1,Genuine,Disgust,55.00,54.54,0.77,3.75,2.32,1.64,0.959
22,F,22_dg_2,Genuine,Disgust,77.27,59.09,0.86,3.93,2.76,1.61,2.586
22,F,22_ds_1,Posed,Disgust,95.24,65.21,-1.00,4.13,3.78,1.65,2.753
22,F,22_ds_2,Posed,Disgust,86.36,79.16,-4.29,3.34,2.25,1.36,1.793
22,F,22_fg_1,Genuine,Happiness,92.31,65.38,1.36,4.29,3.32,1.99,0.459
22,F,22_fg_2,Genuine,Happiness,90.00,77.27,2.36,4.20,3.77,2.07,5.297
22,F,22_fg_3,Genuine,Happiness,95.45,90.90,3.41,2.50,4.27,2.31,1.877
22,F,22_fs_1,Posed,Happiness,100.00,71.42,-3.43,3.64,3.79,2.36,2.044
22,F,22_fs_2,Posed,Happiness,100.00,22.72,1.67,3.10,3.81,1.40,3.879
22,F,22_fs_3,Posed,Happiness,89.29,75.00,-2.78,4.16,2.41,1.76,1.251
22,F,22_ps_1,Posed,Fear,82.61,73.91,-2.43,3.04,3.35,1.99,0.792
22,F,22_ps_2,Posed,Fear,81.82,81.81,-3.29,4.42,6.05,2.27,0.667
22,F,22_ps_3,Posed,Fear,61.54,42.30,0.46,5.01,4.19,2.14,0.709
22,F,22_rg_1,Genuine,Anger,30.77,88.46,3.12,2.57,1.92,1.87,2.419
22,F,22_rs_1,Posed,Anger,65.22,65.21,-2.09,3.84,2.61,1.53,2.961
22,F,22_sg_1,Genuine,Surprise,91.67,91.66,3.25,2.71,3.50,2.25,0.792
22,F,22_ss_1,Posed,Surprise,70.83,80.76,-3.42,3.57,4.46,2.18,1.251
22,F,22_ss_2,Posed,Surprise,100.00,11.53,3.08,3.69,4.54,1.86,1.502
22,F,22_ts_1,Posed,Sadness,95.24,65.21,-2.13,3.25,2.35,1.40,4.379
22,F,22_ts_2,Posed,Sadness,52.63,61.90,-1.71,3.96,2.33,2.20,5.255
23,F,23_dg_1,Genuine,Disgust,40.91,54.16,0.13,3.15,2.38,1.88,1.585
23,F,23_dg_2,Genuine,Disgust,91.30,36.00,-2.24,4.11,2.64,1.87,5.047
23,F,23_ds_1,Posed,Disgust,91.67,38.46,1.58,4.10,4.81,1.92,1.752
23,F,23_ds_2,Posed,Disgust,57.58,81.82,-1.15,4.18,3.70,1.83,4.463
23,F,23_ds_3,Posed,Disgust,96.97,51.52,1.21,3.94,5.36,1.82,1.710
23,F,23_fg_1,Genuine,Happiness,93.10,62.06,1.25,4.36,2.71,1.49,1.585
23,F,23_fg_2,Genuine,Happiness,100.00,88.23,1.71,2.31,3.59,1.87,2.336
23,F,23_fg_3,Genuine,Happiness,100.00,82.60,2.32,3.37,3.09,1.57,0.959
23,F,23_fg_4,Genuine,Happiness,100.00,73.07,0.88,4.03,4.15,1.52,2.211
23,F,23_fg_5,Genuine,Happiness,100.00,84.85,2.09,3.86,4.91,1.89,2.878
23,F,23_fs_1,Posed,Happiness,91.30,21.73,1.23,3.79,2.77,1.69,1.502
23,F,23_fs_2,Posed,Happiness,96.97,72.73,2.48,2.99,4.27,1.72,2.294
23,F,23_pg_2,Genuine,Fear,77.78,40.00,-0.55,3.89,4.50,1.64,2.878
23,F,23_pg_3,Genuine,Fear,76.19,78.26,2.00,3.55,4.52,2.27,1.043
23,F,23_ps_1,Posed,Fear,100.00,63.63,-0.91,4.92,7.05,1.89,0.209
23,F,23_ps_2,Posed,Fear,42.42,39.39,-1.15,4.15,4.88,2.07,2.502
23,F,23_ps_3,Posed,Fear,93.94,78.79,-1.88,4.48,6.48,2.31,1.460
23,F,23_rg_3,Genuine,Anger,88.00,76.00,2.16,3.26,3.64,2.43,2.169
23,F,23_rg_4,Genuine,Anger,66.67,84.85,1.55,3.14,3.45,2.00,2.044
23,F,23_rs_1,Posed,Anger,33.33,60.61,0.27,3.19,2.94,1.73,1.335
23,F,23_rs_2,Posed,Anger,60.00,36.36,0.73,4.04,2.73,1.39,1.710
23,F,23_rs_3,Posed,Anger,96.97,66.67,-3.48,3.86,4.15,2.12,2.669
23,F,23_sg_1,Genuine,Surprise,84.62,50.00,-0.16,4.04,4.52,1.85,0.167
23,F,23_sg_2,Genuine,Surprise,34.62,69.23,1.48,3.87,3.08,1.68,1.293
23,F,23_ss_1,Posed,Surprise,87.88,54.55,-0.70,3.72,3.03,1.67,0.959
23,F,23_ss_2,Posed,Surprise,96.00,40.00,0.52,4.09,4.56,2.02,1.418
23,F,23_tg_1,Genuine,Sadness,96.97,78.79,-0.79,4.34,3.91,1.99,3.545
23,F,23_tg_2,Genuine,Sadness,100.00,45.83,-0.78,4.26,3.35,1.67,1.960
23,F,23_tg_3,Genuine,Sadness,100.00,70.83,2.92,4.16,4.88,2.69,13.889
23,F,23_ts_1,Posed,Sadness,100.00,27.27,-2.58,4.14,3.33,2.15,3.462
23,F,23_ts_2,Posed,Sadness,93.33,41.17,0.53,4.00,3.41,1.77,13.889
23,F,23_ts_3,Posed,Sadness,93.94,75.76,-2.76,3.72,3.61,1.80,3.545
24,M,24_dg_1,Genuine,Disgust,48.48,69.70,-0.52,3.83,3.21,1.85,2.169
24,M,24_dg_2,Genuine,Disgust,51.52,18.18,-1.03,4.16,4.12,1.96,7.591
24,M,24_dg_3,Genuine,Disgust,90.91,59.09,1.14,3.88,3.57,1.91,5.631
24,M,24_ds_1,Posed,Disgust,57.58,72.73,-0.42,3.82,3.45,1.50,2.544
24,M,24_ds_2,Posed,Disgust,91.67,33.33,1.13,4.31,4.38,2.08,7.758
24,M,24_ds_3,Posed,Disgust,75.76,78.79,-0.58,4.21,4.55,1.82,6.006
24,M,24_ds_4,Posed,Disgust,75.76,57.58,-1.30,3.98,3.76,1.64,3.879
24,M,24_fg_1,Genuine,Happiness,81.82,54.54,0.23,4.03,2.55,1.77,1.251
24,M,24_fg_2,Genuine,Happiness,95.45,72.72,2.18,3.87,4.77,2.14,1.210
24,M,24_fg_3,Genuine,Happiness,100.00,90.91,3.15,3.48,6.09,1.68,2.085
24,M,24_fg_4,Genuine,Happiness,96.97,87.88,4.30,2.21,5.42,1.60,1.710
24,M,24_fs_1,Posed,Happiness,78.79,81.82,2.00,3.70,2.12,2.09,0.959
24,M,24_fs_2,Posed,Happiness,96.97,36.36,2.33,3.76,5.00,2.00,1.627
24,M,24_fs_3,Posed,Happiness,96.97,39.39,-0.12,4.25,3.52,1.97,2.878
24,M,24_fs_4,Posed,Happiness,96.97,72.73,-1.36,4.14,3.12,2.04,1.835
24,M,24_ps_1,Posed,Fear,33.33,81.82,-1.58,3.58,3.76,2.24,3.086
24,M,24_ps_4,Posed,Fear,35.00,40.90,-0.32,4.00,2.64,1.76,0.459
24,M,24_sg_1,Genuine,Surprise,78.95,71.42,1.05,3.73,2.76,1.55,1.700
24,M,24_sg_2,Genuine,Surprise,72.73,69.70,0.55,4.37,2.48,1.82,0.751
24,M,24_ss_1,Posed,Surprise,90.91,72.73,-1.42,4.19,3.91,2.16,1.418
24,M,24_ss_2,Posed,Surprise,86.36,18.18,1.57,2.91,3.00,1.55,0.584
24,M,24_tg_1,Genuine,Sadness,47.83,78.26,2.22,1.93,1.70,1.58,6.840
24,M,24_tg_3,Genuine,Sadness,63.16,52.38,-0.14,3.44,3.00,1.84,1.376
24,M,24_ts_1,Posed,Sadness,34.78,26.08,0.22,3.01,2.00,1.88,6.882
24,M,24_ts_2,Posed,Sadness,47.83,21.73,2.30,3.18,2.13,1.89,10.677
24,M,24_ts_4,Posed,Sadness,100.00,69.70,-4.24,3.56,3.00,2.36,4.505
25,F,25_dg_1,Genuine,Disgust,34.78,86.95,2.91,2.71,3.18,1.79,2.920
25,F,25_dg_2,Genuine,Disgust,78.26,78.26,1.91,3.83,3.18,2.02,1.126
25,F,25_dg_3,Genuine,Disgust,96.97,60.61,2.58,4.02,4.73,2.38,2.586
25,F,25_dg_4,Genuine,Disgust,100.00,57.69,0.88,4.88,4.04,1.72,1.877
25,F,25_ds_1,Posed,Disgust,100.00,84.85,1.27,5.02,5.79,2.55,2.377
25,F,25_ds_2,Posed,Disgust,90.91,36.36,0.95,3.58,4.24,1.64,1.627
25,F,25_ds_3,Posed,Disgust,52.38,52.17,-1.30,3.50,2.17,1.64,1.835
25,F,25_ds_4,Posed,Disgust,92.31,34.61,1.88,4.28,5.88,2.36,2.211
25,F,25_fg_1,Genuine,Happiness,95.83,75.00,2.63,3.29,3.46,1.89,2.586
25,F,25_fg_2,Genuine,Happiness,100.00,81.82,4.12,2.52,5.06,1.87,4.505
25,F,25_fg_3,Genuine,Happiness,100.00,90.90,3.95,2.68,5.00,2.54,2.753
25,F,25_fg_4,Genuine,Happiness,100.00,86.95,3.35,3.11,4.52,2.21,2.794
25,F,25_fs_1,Posed,Happiness,95.45,9.09,2.43,2.66,3.05,1.40,4.004
25,F,25_fs_2,Posed,Happiness,95.45,4.54,3.62,1.91,3.33,1.39,1.919
25,F,25_fs_3,Posed,Happiness,100.00,38.46,1.19,4.20,4.42,1.70,2.961
25,F,25_fs_4,Posed,Happiness,100.00,42.30,1.00,3.85,4.50,1.90,2.419
25,F,25_pg_1,Genuine,Fear,95.00,90.90,3.86,2.83,6.00,2.12,0.083
25,F,25_pg_2,Genuine,Fear,44.44,59.25,0.78,4.69,3.59,2.32,1.043
25,F,25_ps_2,Posed,Fear,86.36,22.72,1.90,3.69,4.76,1.73,0.792
26,M,26_ds_1,Posed,Disgust,86.36,81.81,-2.86,2.90,3.24,1.58,2.336
26,M,26_ds_2,Posed,Disgust,88.00,44.44,-0.48,3.97,3.26,1.99,4.379
26,M,26_ds_3,Posed,Disgust,100.00,66.67,-4.94,3.52,4.67,3.19,1.793
26,M,26_ds_4,Posed,Disgust,90.91,60.61,-3.33,4.07,3.73,2.04,2.044
26,M,26_fg_1,Genuine,Happiness,75.00,81.81,2.68,2.28,2.00,1.27,2.252
26,M,26_fg_2,Genuine,Happiness,59.09,72.72,1.76,2.95,3.52,1.47,2.294
26,M,26_fs_1,Posed,Happiness,84.62,39.28,0.14,3.66,2.14,1.35,1.126
26,M,26_fs_2,Posed,Happiness,100.00,52.17,-0.09,4.02,3.36,1.40,2.628
26,M,26_fs_3,Posed,Happiness,100.00,72.73,-3.85,3.42,2.61,1.82,2.252
26,M,26_fs_4,Posed,Happiness,93.94,63.64,-4.24,3.64,3.85,2.35,2.085
26,M,26_ps_2,Posed,Fear,33.33,87.88,-0.58,4.10,3.58,1.90,0.918
26,M,26_ps_3,Posed,Fear,36.36,81.82,-1.97,4.28,4.64,2.12,1.960
26,M,26_ps_4,Posed,Fear,36.36,84.85,-1.48,4.70,4.03,2.52,2.044
26,M,26_rg_2,Genuine,Anger,42.42,39.39,1.45,4.00,2.76,2.50,1.585
26,M,26_rs_5,Posed,Anger,96.97,96.97,-4.94,3.63,3.91,2.79,2.169
26,M,26_sg_1,Genuine,Surprise,36.36,77.27,2.24,2.19,1.71,1.42,0.500
26,M,26_sg_2,Genuine,Surprise,78.79,96.97,1.52,3.68,2.67,1.88,1.627
26,M,26_ss_1,Posed,Surprise,92.31,92.30,-3.92,2.38,3.08,1.90,1.919
26,M,26_ss_2,Posed,Surprise,90.91,48.48,-3.21,3.75,4.12,2.43,2.169
26,M,26_tg_1,Genuine,Sadness,38.10,73.91,1.74,2.75,2.22,2.04,3.420
26,M,26_tg_2,Genuine,Sadness,72.73,60.61,0.55,3.67,2.82,2.28,4.087
26,M,26_ts_1,Posed,Sadness,63.64,63.64,-2.45,3.11,2.39,2.03,5.047
26,M,26_ts_2,Posed,Sadness,57.58,33.33,-2.36,3.81,2.79,2.12,3.795
27,F,27_dg_1,Genuine,Disgust,68.18,50.00,0.90,3.69,3.29,1.93,1.668
27,F,27_dg_2,Genuine,Disgust,73.08,65.38,1.72,4.34,4.64,1.82,1.435
27,F,27_ds_1,Posed,Disgust,90.91,48.48,0.85,3.50,4.00,2.15,2.469
27,F,27_fg_1,Genuine,Happiness,95.45,77.27,2.00,3.77,2.71,1.74,3.203
27,F,27_fg_2,Genuine,Happiness,100.00,82.60,2.87,3.28,4.57,2.29,2.569
27,F,27_fg_3,Genuine,Happiness,96.97,42.42,3.36,3.48,5.45,2.00,3.971
27,F,27_fg_4,Genuine,Happiness,94.44,65.00,1.65,3.70,4.50,1.54,3.103
27,F,27_fg_5,Genuine,Happiness,100.00,69.56,1.70,3.35,5.87,2.18,1.668
27,F,27_fg_6,Genuine,Happiness,100.00,72.72,1.45,3.53,5.05,1.86,3.103
27,F,27_fs_1,Posed,Happiness,81.82,12.12,0.67,3.92,2.82,2.04,2.135
27,F,27_fs_2,Posed,Happiness,59.09,22.72,2.00,2.81,2.24,1.51,3.704
27,F,27_pg_1,Genuine,Fear,96.97,66.67,4.24,3.76,8.33,0.99,1.048
27,F,27_pg_3,Genuine,Fear,91.30,78.26,2.61,4.10,5.78,1.98,1.969
27,F,27_ps_1,Posed,Fear,90.91,72.73,-0.79,4.48,5.94,2.29,1.602
27,F,27_ps_2,Posed,Fear,75.76,33.33,-0.97,3.85,4.39,1.85,1.935
27,F,27_ps_3,Posed,Fear,66.67,36.36,-2.33,4.43,5.15,2.51,1.068
27,F,27_rs_1,Posed,Anger,30.30,78.79,0.82,3.76,3.82,2.21,4.238
27,F,27_ss_1,Posed,Surprise,96.15,42.30,0.36,3.99,4.12,1.45,1.335
27,F,27_ss_2,Posed,Surprise,93.94,39.39,-0.64,4.24,3.21,2.23,2.102
27,F,27_ss_3,Posed,Surprise,75.76,54.55,-1.91,3.66,2.97,1.78,2.536
27,F,27_tg_1,Genuine,Sadness,34.62,92.85,3.82,2.40,2.86,1.88,6.840
27,F,27_tg_2,Genuine,Sadness,54.55,42.42,1.67,3.56,3.27,2.20,8.041
27,F,27_ts_1,Posed,Sadness,57.58,60.61,-1.15,3.95,3.12,2.01,4.338
27,F,27_ts_2,Posed,Sadness,84.85,24.24,-1.21,3.62,3.06,1.89,4.338
28,M,28_dg_1,Genuine,Disgust,95.00,63.63,1.50,3.84,4.50,1.44,4.200
28,M,28_ds_1,Posed,Disgust,96.00,44.44,0.30,4.48,5.04,2.19,4.333
28,M,28_ds_2,Posed,Disgust,100.00,80.76,-3.77,3.72,6.92,2.31,4.900
28,M,28_ds_3,Posed,Disgust,100.00,84.61,-3.72,4.59,6.84,2.12,4.867
28,M,28_fg_1,Genuine,Happiness,100.00,80.76,2.81,3.25,4.23,1.95,3.567
28,M,28_fg_2,Genuine,Happiness,94.44,60.00,0.60,4.28,4.40,2.23,3.800
28,M,28_fg_3,Genuine,Happiness,96.97,63.64,3.64,3.16,6.00,1.90,5.567
28,M,28_fg_4,Genuine,Happiness,96.97,84.85,1.97,4.43,4.58,2.35,3.967
28,M,28_fg_5,Genuine,Happiness,100.00,63.64,1.06,4.21,3.70,2.01,3.600
28,M,28_fs_1,Posed,Happiness,100.00,19.04,2.86,2.97,5.00,1.55,2.200
28,M,28_fs_2,Posed,Happiness,95.65,4.34,4.36,2.32,5.59,1.84,6.000
28,M,28_fs_3,Posed,Happiness,100.00,18.18,2.45,2.76,4.41,2.06,3.800
28,M,28_fs_4,Posed,Happiness,96.97,63.64,0.36,4.14,4.61,1.97,4.033
28,M,28_ps_2,Posed,Fear,33.33,63.64,-1.76,4.22,3.18,2.05,2.133
28,M,28_rg_2,Genuine,Anger,62.07,65.51,1.18,3.81,2.82,1.98,1.367
28,M,28_rg_3,Genuine,Anger,54.55,75.76,0.36,3.97,2.73,2.25,2.900
28,M,28_rs_1,Posed,Anger,75.00,58.33,-1.08,4.10,3.79,1.84,2.400
28,M,28_rs_2,Posed,Anger,73.33,70.58,-1.71,3.58,3.53,1.97,4.767
28,M,28_ss_1,Posed,Surprise,56.52,26.08,2.30,3.14,3.39,1.97,0.600
28,M,28_ss_2,Posed,Surprise,77.27,77.27,-2.48,3.79,3.33,1.56,0.767
28,M,28_ss_3,Posed,Surprise,73.08,96.15,-5.12,2.07,4.92,2.24,1.767
28,M,28_tg_1,Genuine,Sadness,60.87,76.00,2.20,2.38,2.92,1.78,6.133
28,M,28_tg_2,Genuine,Sadness,71.43,82.60,2.22,2.56,2.61,2.25,6.933
28,M,28_ts_1,Posed,Sadness,42.86,26.08,1.09,3.34,2.52,1.68,5.633
28,M,28_ts_2,Posed,Sadness,65.38,46.15,-0.58,3.93,2.88,1.84,4.533
28,M,28_ts_3,Posed,Sadness,100.00,82.60,-3.61,3.89,3.39,1.62,5.633
29,F,29_dg_1,Genuine,Disgust,58.33,50.00,0.31,3.65,3.58,2.18,1.467
29,F,29_dg_2,Genuine,Disgust,93.94,63.64,2.61,3.60,5.12,2.18,1.333
29,F,29_dg_3,Genuine,Disgust,100.00,77.27,2.55,3.28,5.59,1.97,0.500
29,F,29_ds_1,Posed,Disgust,100.00,46.42,0.21,4.99,5.39,2.50,2.267
29,F,29_ds_2,Posed,Disgust,93.94,63.64,-0.36,4.79,5.85,2.06,2.167
29,F,29_ds_3,Posed,Disgust,72.73,69.70,0.03,3.96,4.15,2.08,1.767
29,F,29_fg_1,Genuine,Happiness,95.45,95.45,3.90,1.73,4.00,1.84,1.933
29,F,29_fg_2,Genuine,Happiness,80.77,96.15,4.12,2.23,6.12,1.82,3.200
29,F,29_fs_1,Posed,Happiness,39.13,52.17,-0.86,4.78,3.95,1.84,3.100
29,F,29_fs_2,Posed,Happiness,100.00,72.72,-2.00,3.74,3.10,1.22,1.933
29,F,29_pg_1,Genuine,Fear,57.58,66.67,2.52,3.63,5.73,2.21,0.767
29,F,29_ps_1,Posed,Fear,66.67,33.33,-4.15,4.18,5.82,2.76,1.733
29,F,29_rg_1,Genuine,Anger,41.67,45.83,-0.67,4.29,3.67,2.18,1.400
29,F,29_rg_2,Genuine,Anger,50.00,63.63,1.32,3.67,3.41,2.04,0.800
29,F,29_sg_1,Genuine,Surprise,34.78,69.56,2.00,3.94,2.36,1.81,1.167
29,F,29_ss_1,Posed,Surprise,80.77,38.46,0.44,3.84,4.00,1.26,2.033
29,F,29_ss_2,Posed,Surprise,94.74,95.23,-5.19,2.42,3.90,1.81,1.400
29,F,29_tg_1,Genuine,Sadness,57.69,73.07,1.64,2.91,2.64,1.66,3.833
29,F,29_tg_2,Genuine,Sadness,96.97,51.52,1.97,4.84,6.67,2.20,9.933
29,F,29_tg_3,Genuine,Sadness,96.97,69.70,3.21,3.78,6.18,2.32,5.600
30,F,30_dg_1,Genuine,Disgust,47.83,65.21,1.32,4.41,4.32,2.08,1.190
30,F,30_dg_2,Genuine,Disgust,66.67,61.53,1.00,4.28,4.31,2.05,1.251
30,F,30_dg_3,Genuine,Disgust,76.92,42.30,-1.77,4.92,5.85,2.38,2.085
30,F,30_dg_4,Genuine,Disgust,34.78,65.21,1.91,4.59,5.50,1.95,1.376
30,F,30_ds_1,Posed,Disgust,85.71,52.17,-0.87,4.52,4.13,1.89,2.211
30,F,30_ds_2,Posed,Disgust,82.61,30.43,1.91,3.69,4.82,1.74,1.960
30,F,30_ds_3,Posed,Disgust,52.38,30.43,1.35,3.86,2.74,1.39,1.627
30,F,30_fg_1,Genuine,Happiness,83.33,73.07,2.27,3.97,2.50,1.73,3.086
30,F,30_fg_2,Genuine,Happiness,87.50,83.33,2.50,2.86,2.21,1.47,0.792
30,F,30_fg_3,Genuine,Happiness,95.45,95.45,3.33,1.96,3.86,1.62,2.628
30,F,30_fs_1,Posed,Happiness,100.00,76.92,-3.42,3.74,3.54,1.90,2.878
30,F,30_fs_2,Posed,Happiness,100.00,73.07,-1.65,4.26,5.42,2.35,3.003
30,F,30_rg_2,Genuine,Anger,36.36,66.66,0.71,2.73,2.58,1.74,1.543
30,F,30_rs_1,Posed,Anger,66.67,74.07,-3.19,3.42,2.70,1.84,3.086
30,F,30_sg_2,Genuine,Surprise,75.76,60.61,2.52,3.56,5.03,2.40,0.792
30,F,30_sg_3,Genuine,Surprise,72.73,66.67,1.39,4.00,4.00,2.32,2.628
30,F,30_ss_1,Posed,Surprise,61.90,73.91,-2.52,3.64,3.87,1.69,2.085
30,F,30_ss_2,Posed,Surprise,90.91,84.85,-1.94,4.72,4.55,2.31,1.710
30,F,30_tg_1,Genuine,Sadness,91.30,78.26,2.52,3.57,4.57,2.56,0.584
30,F,30_tg_2,Genuine,Sadness,52.17,86.95,2.70,2.48,2.74,2.05,6.381
30,F,30_ts_1,Posed,Sadness,94.74,80.95,-3.43,2.84,3.95,2.04,6.173
30,F,30_ts_2,Posed,Sadness,100.00,95.45,-5.52,2.46,3.48,1.69,2.711
31,F,31_dg_1,Genuine,Disgust,84.85,81.82,-1.45,4.18,5.85,2.66,7.716
31,F,31_ds_1,Posed,Disgust,81.82,81.82,-2.00,4.08,5.12,2.36,2.461
31,F,31_ds_2,Posed,Disgust,87.88,84.85,-3.18,4.00,6.18,2.34,7.925
31,F,31_fg_1,Genuine,Happiness,63.64,77.27,1.95,2.44,1.95,1.12,0.792
31,F,31_fg_2,Genuine,Happiness,86.96,82.60,1.82,3.43,2.64,1.76,1.543
31,F,31_fg_3,Genuine,Happiness,90.91,81.81,2.86,2.57,3.14,1.80,2.711
31,F,31_fg_4,Genuine,Happiness,90.91,60.61,1.42,4.32,3.58,1.75,1.585
31,F,31_fg_5,Genuine,Happiness,95.83,91.66,3.46,2.62,4.88,2.17,2.211
31,F,31_fs_1,Posed,Happiness,31.58,19.04,1.14,2.69,1.95,1.60,1.168
31,F,31_fs_2,Posed,Happiness,72.22,50.00,-0.25,3.51,2.65,2.03,0.876
31,F,31_fs_3,Posed,Happiness,72.73,78.79,-0.48,4.78,3.15,2.06,3.629
31,F,31_fs_4,Posed,Happiness,92.31,53.84,-1.04,4.28,2.23,1.34,2.294
31,F,31_fs_5,Posed,Happiness,95.45,40.90,0.19,3.57,3.24,1.37,1.960
31,F,31_fs_6,Posed,Happiness,93.94,66.67,-1.33,4.60,4.79,2.10,2.628
31,F,31_tg_1,Genuine,Sadness,90.91,86.36,2.52,2.87,3.86,2.06,8.759
31,F,31_tg_2,Genuine,Sadness,81.82,77.27,3.00,3.18,4.59,2.50,11.386
31,F,31_tg_3,Genuine,Sadness,96.00,88.00,4.32,3.35,5.40,2.63,10.594
31,F,31_tg_4,Genuine,Sadness,100.00,63.64,4.18,2.95,7.36,1.95,11.136
31,F,31_tg_5,Genuine,Sadness,93.94,42.42,3.61,4.02,6.48,2.22,15.515
31,F,31_tg_6,Genuine,Sadness,90.91,95.83,4.25,2.45,5.92,2.38,5.767
31,F,31_tg_7,Genuine,Sadness,90.91,69.70,2.91,3.96,6.94,1.95,10.969
31,F,31_tg_8,Genuine,Sadness,96.97,36.36,2.70,4.36,6.00,2.49,7.591
31,F,31_ts_1,Posed,Sadness,72.73,40.90,0.67,3.77,4.14,1.93,8.842
31,F,31_ts_2,Posed,Sadness,84.85,33.33,-0.58,4.37,4.67,2.56,10.677
31,F,31_ts_3,Posed,Sadness,84.85,51.52,0.00,4.78,4.64,2.50,10.969
31,F,31_ts_4,Posed,Sadness,96.97,66.67,-0.06,4.30,4.67,2.30,10.677
31,F,31_ts_5,Posed,Sadness,92.31,28.57,1.57,4.07,4.71,2.07,11.720
31,F,31_ts_6,Posed,Sadness,86.67,52.94,-0.53,4.11,3.41,1.87,9.760
31,F,31_ts_7,Posed,Sadness,72.73,63.63,-1.67,3.90,4.86,1.93,8.300
31,F,31_ts_8,Posed,Sadness,81.82,42.42,-0.79,4.27,3.67,2.56,3.879
32,F,32_fg_1,Genuine,Happiness,81.48,92.59,4.04,2.74,4.52,1.67,1.960
32,F,32_fg_2,Genuine,Happiness,100.00,63.64,1.79,3.28,3.91,1.84,2.044
32,F,32_fs_1,Posed,Happiness,94.74,28.57,1.29,3.24,3.14,1.82,2.628
32,F,32_fs_2,Posed,Happiness,93.94,42.42,0.21,4.07,2.64,1.78,2.628
32,F,32_pg_1,Genuine,Fear,48.00,64.00,1.28,3.71,3.04,1.86,0.918
32,F,32_ps_2,Posed,Fear,45.45,59.09,-0.33,3.93,3.71,1.68,1.585
32,F,32_rg_1,Genuine,Anger,40.91,77.27,2.52,2.79,1.90,1.55,0.626
32,F,32_rg_2,Genuine,Anger,60.61,57.58,0.24,3.73,2.42,2.35,1.543
32,F,32_rs_1,Posed,Anger,68.18,36.36,0.73,3.52,2.68,1.81,2.252
32,F,32_rs_2,Posed,Anger,52.17,34.78,0.65,3.10,2.48,1.34,1.335
32,F,32_rs_3,Posed,Anger,66.67,36.36,-0.21,3.83,2.70,1.67,1.710
32,F,32_sg_1,Genuine,Surprise,70.83,76.92,2.42,3.01,1.85,1.29,0.167
32,F,32_ss_1,Posed,Surprise,86.96,56.52,-0.82,3.63,2.45,1.60,1.043
32,F,32_ss_3,Posed,Surprise,91.30,78.26,-2.74,3.77,4.91,2.33,1.793
32,F,32_tg_1,Genuine,Sadness,45.45,22.72,-1.45,2.91,1.50,1.41,2.127
32,F,32_ts_1,Posed,Sadness,93.75,66.66,-1.89,3.77,3.00,1.75,2.252
32,F,32_ts_2,Posed,Sadness,69.57,95.65,-5.32,2.17,2.86,1.70,4.463
33,F,33_dg_1,Genuine,Disgust,60.61,60.61,2.15,3.22,4.12,2.26,1.869
33,F,33_dg_2,Genuine,Disgust,87.88,66.67,0.45,4.23,3.64,1.88,2.603
33,F,33_dg_3,Genuine,Disgust,100.00,78.26,2.17,3.23,4.91,2.25,5.339
33,F,33_ds_1,Posed,Disgust,93.94,69.70,-1.24,4.91,4.94,2.41,2.336
33,F,33_ds_2,Posed,Disgust,93.94,84.85,-0.97,4.25,4.18,1.76,6.640
33,F,33_fg_1,Genuine,Happiness,89.66,86.20,3.54,3.67,4.93,2.18,6.306
33,F,33_fg_2,Genuine,Happiness,73.91,91.30,3.13,2.14,3.52,1.75,3.537
33,F,33_fs_1,Posed,Happiness,100.00,86.36,-4.00,3.71,3.95,2.16,5.172
33,F,33_fs_2,Posed,Happiness,90.91,78.79,-1.73,4.00,2.70,1.79,2.970
33,F,33_pg_1,Genuine,Fear,68.18,79.16,2.83,3.16,4.21,1.72,2.569
33,F,33_pg_3,Genuine,Fear,36.36,45.45,-0.48,4.39,2.67,1.06,4.071
33,F,33_pg_4,Genuine,Fear,84.85,75.76,4.70,3.26,6.15,2.36,2.836
33,F,33_ps_2,Posed,Fear,54.55,75.76,-2.00,4.46,3.94,2.06,1.301
33,F,33_ps_3,Posed,Fear,31.82,95.83,-5.71,2.84,4.71,2.33,1.401
33,F,33_ps_4,Posed,Fear,45.45,42.42,-3.85,4.03,5.48,2.56,1.668
33,F,33_rg_1,Genuine,Anger,45.45,57.58,-1.15,3.83,2.67,1.63,4.538
33,F,33_rg_2,Genuine,Anger,53.85,50.00,-0.72,4.16,2.52,1.29,5.572
33,F,33_rg_5,Genuine,Anger,54.55,30.30,-0.18,4.30,2.61,2.21,2.035
33,F,33_rs_1,Posed,Anger,66.67,72.73,-2.82,3.80,2.45,2.09,2.369
33,F,33_ss_1,Posed,Surprise,96.97,57.58,-2.88,4.69,5.36,2.51,2.135
33,F,33_ss_2,Posed,Surprise,96.97,69.70,-4.18,3.79,4.79,2.41,5.172
33,F,33_ss_3,Posed,Surprise,95.45,81.81,-3.19,3.08,3.67,1.71,3.136
33,F,33_tg_2,Genuine,Sadness,100.00,45.45,-0.29,3.94,2.43,0.98,5.138
33,F,33_tg_4,Genuine,Sadness,31.58,66.66,1.81,3.34,2.43,2.36,6.907
33,F,33_tg_9,Genuine,Sadness,81.82,27.27,-1.45,3.25,2.32,1.91,3.871
33,F,33_ts_1,Posed,Sadness,86.96,78.26,-3.43,3.33,2.26,1.51,4.705
33,F,33_ts_2,Posed,Sadness,51.52,30.30,-1.64,4.20,2.67,1.99,5.405
33,F,33_ts_3,Posed,Sadness,82.76,86.20,-3.68,2.91,2.21,1.77,3.670
34,F,34_dg_1,Genuine,Disgust,100.00,62.96,0.78,4.48,4.59,1.87,3.203
34,F,34_dg_3,Genuine,Disgust,65.38,76.92,2.81,2.53,2.58,1.50,3.070
34,F,34_dg_4,Genuine,Disgust,96.97,72.73,3.18,3.03,5.67,1.91,3.370
34,F,34_dg_5,Genuine,Disgust,100.00,54.55,0.30,4.27,3.64,2.22,3.203
34,F,34_dg_6,Genuine,Disgust,92.31,84.61,2.88,2.57,2.77,1.63,3.670
34,F,34_dg_7,Genuine,Disgust,100.00,62.50,1.33,4.07,4.88,2.27,3.070
34,F,34_ds_1,Posed,Disgust,96.97,66.67,1.00,4.39,4.58,2.36,2.069
34,F,34_ds_2,Posed,Disgust,95.45,22.72,1.76,3.79,4.19,1.63,1.668
34,F,34_ds_3,Posed,Disgust,93.94,66.67,1.76,3.41,4.27,2.20,1.969
34,F,34_fg_1,Genuine,Happiness,100.00,66.67,4.00,2.76,5.52,1.92,3.036
34,F,34_fg_10,Genuine,Happiness,95.45,59.09,0.52,3.54,2.81,1.25,2.236
34,F,34_fg_2,Genuine,Happiness,100.00,68.00,1.60,3.51,4.96,1.99,2.636
34,F,34_fg_3,Genuine,Happiness,100.00,44.00,-0.60,4.41,3.08,1.87,2.269
34,F,34_fg_4,Genuine,Happiness,88.00,56.00,0.16,3.99,3.44,2.16,2.569
34,F,34_fg_5,Genuine,Happiness,90.91,77.27,2.19,2.75,3.67,2.20,2.303
34,F,34_fg_6,Genuine,Happiness,94.74,90.47,3.14,3.02,3.43,1.54,3.604
34,F,34_fg_7,Genuine,Happiness,100.00,54.55,4.24,2.05,5.36,2.12,1.568
34,F,34_fg_8,Genuine,Happiness,100.00,51.52,2.97,3.96,3.82,1.84,3.804
34,F,34_fs_1,Posed,Happiness,96.97,66.67,-2.06,4.42,3.73,2.63,2.569
34,F,34_fs_2,Posed,Happiness,100.00,66.67,-3.06,3.70,4.06,1.98,2.669
34,F,34_fs_3,Posed,Happiness,96.15,61.53,-1.40,3.97,3.52,1.58,2.469
34,F,34_fs_4,Posed,Happiness,91.67,19.23,1.88,3.50,3.00,1.57,2.135
34,F,34_pg_4,Genuine,Fear,65.22,73.91,1.87,3.45,3.61,2.06,4.271
34,F,34_ps_1,Posed,Fear,56.52,65.21,-1.26,3.74,4.39,2.46,1.668
34,F,34_ps_4,Posed,Fear,39.39,78.79,-1.09,3.99,3.82,1.81,1.802
34,F,34_rg_1,Genuine,Anger,31.82,86.36,2.95,3.14,2.10,1.84,4.538
34,F,34_rs_1,Posed,Anger,57.58,63.64,-0.73,3.92,2.73,2.30,2.769
34,F,34_rs_2,Posed,Anger,66.67,63.64,-2.06,3.64,2.76,1.71,2.503
34,F,34_sg_1,Genuine,Surprise,70.83,79.16,2.21,3.84,4.00,2.23,1.668
34,F,34_sg_2,Genuine,Surprise,40.91,81.81,1.81,2.98,2.38,1.75,1.368
34,F,34_sg_3,Genuine,Surprise,64.00,85.18,3.70,3.61,4.26,2.23,1.468
34,F,34_ss_1,Posed,Surprise,93.94,54.55,0.76,4.55,4.30,2.08,2.069
34,F,34_ss_2,Posed,Surprise,90.91,72.73,-2.70,4.25,3.97,2.27,2.169
34,F,34_ss_3,Posed,Surprise,100.00,69.70,-0.61,4.61,4.18,2.17,1.969
34,F,34_ss_4,Posed,Surprise,100.00,66.66,-1.13,3.77,4.21,2.30,1.568
34,F,34_tg_2,Genuine,Sadness,35.00,68.18,0.68,3.59,2.00,1.60,3.837
34,F,34_ts_1,Posed,Sadness,72.73,81.82,-3.03,3.45,2.18,1.83,2.636
34,F,34_ts_2,Posed,Sadness,69.70,63.64,-2.45,3.97,2.42,2.06,2.903
34,F,34_ts_3,Posed,Sadness,63.64,69.70,-2.24,3.39,2.06,1.78,1.635
34,F,34_ts_4,Posed,Sadness,100.00,90.90,-4.41,3.22,3.86,1.91,3.237
34,F,34_ts_5,Posed,Sadness,95.24,82.60,-3.39,3.01,2.74,1.74,4.204
35,F,35_dg_1,Genuine,Disgust,96.97,33.33,-0.06,4.32,6.30,1.85,3.504
35,F,35_dg_2,Genuine,Disgust,100.00,81.82,0.21,4.64,5.24,1.94,2.169
35,F,35_ds_1,Posed,Disgust,84.85,48.48,-1.18,4.28,4.61,1.85,2.628
35,F,35_ds_2,Posed,Disgust,78.79,63.64,-1.73,4.25,4.82,2.56,2.794
35,F,35_fg_1,Genuine,Happiness,100.00,77.27,1.77,3.26,3.50,2.06,4.071
35,F,35_fg_2,Genuine,Happiness,96.97,42.42,1.00,3.79,3.70,2.04,2.169
35,F,35_fg_3,Genuine,Happiness,100.00,68.18,1.14,4.17,3.48,1.54,3.170
35,F,35_fg_4,Genuine,Happiness,96.97,75.76,3.52,3.33,4.55,1.99,2.903
35,F,35_fg_5,Genuine,Happiness,100.00,62.50,1.50,3.98,3.96,1.81,2.836
35,F,35_fs_1,Posed,Happiness,100.00,57.58,-2.52,4.47,2.97,2.11,2.169
35,F,35_fs_2,Posed,Happiness,96.97,54.55,-2.03,4.33,3.03,1.90,3.462
35,F,35_pg_2,Genuine,Fear,93.75,83.33,2.94,3.57,5.11,2.40,0.969
35,F,35_ps_1,Posed,Fear,42.86,17.39,2.09,2.83,2.74,1.54,0.918
35,F,35_rg_2,Genuine,Anger,32.00,76.00,2.04,3.22,2.76,1.74,5.606
35,F,35_rs_1,Posed,Anger,90.91,63.64,-3.09,3.95,4.06,2.25,2.169
35,F,35_sg_1,Genuine,Surprise,53.33,23.52,-2.29,3.16,2.53,1.66,3.270
35,F,35_ss_1,Posed,Surprise,54.55,62.50,-2.08,3.41,3.04,1.71,3.795
35,F,35_ss_2,Posed,Surprise,72.73,87.88,0.21,3.51,4.55,2.20,0.876
35,F,35_tg_1,Genuine,Sadness,66.67,52.17,0.13,3.57,3.00,1.62,10.944
35,F,35_tg_2,Genuine,Sadness,81.82,45.45,-0.12,4.50,3.64,2.42,6.540
35,F,35_tg_3,Genuine,Sadness,61.90,60.86,-0.22,3.91,2.35,1.53,4.004
35,F,35_tg_4,Genuine,Sadness,84.85,39.39,0.30,3.75,2.79,1.96,4.271
35,F,35_ts_1,Posed,Sadness,80.77,38.46,0.81,3.42,3.31,1.67,3.670
35,F,35_ts_2,Posed,Sadness,75.76,39.39,-1.30,4.46,3.12,2.29,5.464
35,F,35_ts_3,Posed,Sadness,96.97,69.70,-4.85,3.00,3.21,2.52,4.171
36,F,36_dg_1,Genuine,Disgust,100.00,78.94,2.63,3.71,4.68,2.03,3.003
36,F,36_dg_2,Genuine,Disgust,100.00,86.36,3.10,3.51,4.57,1.69,3.212
36,F,36_dg_3,Genuine,Disgust,100.00,82.60,3.04,3.60,4.57,2.02,2.085
36,F,36_dg_4,Genuine,Disgust,100.00,68.42,1.68,3.32,4.42,1.95,1.543
36,F,36_ds_1,Posed,Disgust,96.97,66.67,-1.55,4.39,6.45,2.54,2.419
36,F,36_ds_2,Posed,Disgust,95.65,26.08,1.48,4.24,5.35,2.19,1.835
36,F,36_ds_3,Posed,Disgust,100.00,18.18,2.45,3.75,5.05,1.53,1.084
36,F,36_fg_1,Genuine,Happiness,80.77,84.61,2.77,2.72,2.96,1.84,7.424
36,F,36_fg_2,Genuine,Happiness,90.00,81.81,2.41,2.46,2.55,1.60,3.378
36,F,36_fg_3,Genuine,Happiness,100.00,80.95,2.62,2.82,3.62,1.83,1.043
36,F,36_fs_1,Posed,Happiness,95.45,9.09,2.86,2.87,4.62,1.69,3.420
36,F,36_fs_2,Posed,Happiness,90.91,48.48,0.12,4.46,3.36,1.62,5.589
36,F,36_fs_3,Posed,Happiness,100.00,30.43,1.35,3.92,4.17,1.85,1.835
36,F,36_sg_1,Genuine,Surprise,57.58,36.36,2.73,3.61,3.91,2.36,2.502
36,F,36_sg_2,Genuine,Surprise,33.33,48.48,0.45,3.78,2.91,2.08,1.376
36,F,36_sg_3,Genuine,Surprise,96.15,92.30,3.84,3.20,5.40,1.12,2.336
36,F,36_ss_1,Posed,Surprise,100.00,33.33,-0.82,4.95,5.61,2.22,2.336
36,F,36_ss_2,Posed,Surprise,90.91,50.00,-0.43,3.76,4.19,1.81,1.293
36,F,36_ss_3,Posed,Surprise,90.91,42.42,0.88,3.87,4.39,2.26,1.293
36,F,36_ss_4,Posed,Surprise,100.00,31.81,1.19,3.22,2.52,1.21,1.835
36,F,36_ss_5,Posed,Surprise,84.21,33.33,1.05,3.01,2.67,1.68,0.709
36,F,36_tg_1,Genuine,Sadness,87.88,75.76,0.88,3.46,4.12,1.98,5.547
36,F,36_tg_2,Genuine,Sadness,96.97,57.58,2.67,3.45,5.67,2.15,10.552
36,F,36_tg_3,Genuine,Sadness,94.74,71.42,1.14,4.16,2.81,1.86,8.926
36,F,36_tg_4,Genuine,Sadness,33.33,55.00,0.90,2.86,2.40,2.04,2.794
36,F,36_ts_1,Posed,Sadness,100.00,75.76,-0.73,4.31,3.45,2.00,3.253
36,F,36_ts_2,Posed,Sadness,87.88,75.76,-1.12,4.20,2.91,1.96,4.171
36,F,36_ts_3,Posed,Sadness,87.88,45.45,-0.97,3.64,3.33,2.09,5.756
36,F,36_ts_4,Posed,Sadness,42.31,25.00,1.54,4.34,2.61,2.08,4.630
36,F,36_ts_5,Posed,Sadness,31.82,31.81,0.67,3.64,2.05,1.43,2.586
37,M,37_fg_1,Genuine,Happiness,96.97,78.79,3.03,3.61,4.76,1.75,3.754
37,M,37_fs_1,Posed,Happiness,100.00,11.76,2.24,2.14,4.29,1.79,3.170
37,M,37_fs_2,Posed,Happiness,96.97,63.64,2.67,3.63,5.21,2.03,3.837
37,M,37_fs_3,Posed,Happiness,100.00,10.71,3.54,2.89,5.07,1.98,4.254
37,M,37_tg_1,Genuine,Sadness,96.97,48.48,2.24,4.02,5.45,2.21,7.049
37,M,37_ts_1,Posed,Sadness,63.64,51.52,-3.61,3.98,3.67,2.10,4.588
37,M,37_ts_2,Posed,Sadness,50.00,50.00,-1.57,4.29,2.00,1.04,6.840
38,F,38_dg_1,Genuine,Disgust,76.19,78.26,1.17,3.04,2.78,1.62,2.569
38,F,38_dg_2,Genuine,Disgust,78.79,39.39,0.91,3.69,3.48,1.77,3.337
38,F,38_dg_3,Genuine,Disgust,95.45,86.36,2.14,2.85,3.36,1.65,3.070
38,F,38_dg_4,Genuine,Disgust,87.88,75.76,0.42,3.81,3.70,2.21,3.170
38,F,38_dg_5,Genuine,Disgust,90.91,30.30,0.45,3.63,3.94,2.01,2.102
38,F,38_ds_1,Posed,Disgust,90.91,84.85,-0.15,4.49,4.12,2.03,1.460
38,F,38_ds_2,Posed,Disgust,100.00,65.21,-1.73,4.32,4.27,1.75,1.335
38,F,38_ds_3,Posed,Disgust,92.31,61.53,-2.12,4.28,4.88,2.11,1.710
38,F,38_ds_4,Posed,Disgust,90.91,72.73,0.82,3.92,4.24,1.95,1.960
38,F,38_ds_5,Posed,Disgust,96.97,87.88,-1.24,4.89,3.48,2.43,3.503
38,F,38_ds_6,Posed,Disgust,76.00,37.03,0.78,3.76,4.15,2.03,2.544
38,F,38_fg_1,Genuine,Happiness,95.45,72.72,1.43,2.62,2.67,1.20,3.237
38,F,38_fg_2,Genuine,Happiness,95.45,70.83,1.67,3.50,2.08,1.25,2.936
38,F,38_fg_3,Genuine,Happiness,91.67,83.33,2.88,2.86,3.38,2.10,2.236
38,F,38_fg_4,Genuine,Happiness,100.00,82.60,2.00,2.98,2.83,1.53,3.437
38,F,38_fs_1,Posed,Happiness,91.30,26.08,1.68,4.00,4.50,1.71,2.544
38,F,38_fs_2,Posed,Happiness,87.50,37.50,0.96,3.30,2.50,1.98,1.960
38,F,38_fs_3,Posed,Happiness,95.65,34.78,1.05,4.02,2.55,1.44,1.543
38,F,38_fs_4,Posed,Happiness,92.31,25.00,1.89,3.98,3.64,1.99,2.628
38,F,38_sg_1,Genuine,Surprise,30.43,73.91,2.13,2.44,1.52,1.44,1.768
38,F,38_sg_2,Genuine,Surprise,72.73,87.88,1.06,4.27,2.55,1.87,1.535
38,F,38_ss_1,Posed,Surprise,96.97,24.24,1.45,3.45,4.79,1.92,1.001
38,F,38_ss_2,Posed,Surprise,92.31,50.00,0.08,4.11,2.31,1.52,0.792
38,F,38_ss_3,Posed,Surprise,40.00,35.29,1.29,2.87,3.00,2.06,0.584
38,F,38_ss_4,Posed,Surprise,54.55,40.90,0.19,3.28,2.14,1.62,0.417
38,F,38_ss_5,Posed,Surprise,60.00,8.00,2.64,2.72,1.88,2.09,0.667
38,F,38_tg_1,Genuine,Sadness,65.38,76.92,3.15,2.96,2.81,2.30,6.273
38,F,38_tg_2,Genuine,Sadness,36.36,86.36,2.81,2.52,2.33,1.83,6.840
38,F,38_tg_3,Genuine,Sadness,52.17,78.26,1.91,2.33,2.04,1.58,6.507
38,F,38_ts_1,Posed,Sadness,72.73,68.18,-2.05,3.46,2.67,1.32,2.669
38,F,38_ts_2,Posed,Sadness,78.95,28.57,1.33,3.09,3.05,2.06,2.419
38,F,38_ts_4,Posed,Sadness,40.91,18.18,1.05,2.73,1.55,1.53,5.756
39,F,39_dg_1,Genuine,Disgust,92.31,92.30,3.12,2.42,3.77,1.75,2.794
39,F,39_dg_2,Genuine,Disgust,96.30,88.88,3.85,2.91,5.58,1.92,7.049
39,F,39_ds_1,Posed,Disgust,100.00,50.00,-0.40,4.33,4.24,1.67,2.294
39,F,39_ds_2,Posed,Disgust,86.36,9.09,2.48,2.64,3.76,1.70,1.502
39,F,39_fg_1,Genuine,Happiness,50.00,77.27,1.57,3.34,2.00,1.34,1.877
39,F,39_fg_2,Genuine,Happiness,95.65,95.65,3.09,2.37,2.91,1.23,2.961
39,F,39_fs_1,Posed,Happiness,95.45,27.27,1.43,3.83,4.05,1.72,1.877
39,F,39_fs_2,Posed,Happiness,60.87,65.21,-2.30,3.83,1.52,1.24,1.418
39,F,39_pg_1,Genuine,Fear,86.36,81.81,3.86,3.26,4.95,2.42,0.250
39,F,39_ps_1,Posed,Fear,65.00,95.45,-5.55,1.99,4.32,2.30,0.959
39,F,39_sg_1,Genuine,Surprise,36.36,72.72,1.57,2.56,1.48,1.08,0.834
39,F,39_ss_1,Posed,Surprise,73.08,61.53,-2.40,3.98,2.96,1.81,1.001
39,F,39_ss_2,Posed,Surprise,95.65,88.00,-3.52,3.07,3.52,1.81,0.500
39,F,39_tg_1,Genuine,Sadness,36.00,62.96,1.41,3.73,2.30,2.16,2.961
39,F,39_ts_1,Posed,Sadness,100.00,95.65,-5.57,2.27,2.91,1.88,1.126
39,F,39_ts_2,Posed,Sadness,95.83,95.83,-5.35,2.06,2.43,1.88,1.502
40,F,40_dg_1,Genuine,Disgust,95.45,58.33,0.75,4.61,3.50,2.21,2.502
40,F,40_dg_2,Genuine,Disgust,96.00,80.00,2.60,3.21,3.72,2.09,2.377
40,F,40_ds_1,Posed,Disgust,100.00,57.69,-0.35,3.21,5.58,1.94,2.211
40,F,40_ds_2,Posed,Disgust,96.15,42.30,0.31,4.32,4.65,1.94,1.835
40,F,40_fg_1,Genuine,Happiness,100.00,78.26,1.86,3.59,4.45,1.84,1.460
40,F,40_fg_2,Genuine,Happiness,88.46,88.46,2.88,2.63,3.35,1.96,3.879
40,F,40_fs_1,Posed,Happiness,100.00,27.27,2.23,4.09,5.91,1.97,4.505
40,F,40_fs_2,Posed,Happiness,100.00,68.18,-1.52,4.19,4.14,1.46,1.460
40,F,40_fs_3,Posed,Happiness,95.83,38.46,0.88,3.13,3.04,1.61,3.086
40,F,40_pg_1,Genuine,Fear,63.64,75.76,2.85,4.54,7.42,1.70,0.375
40,F,40_pg_2,Genuine,Fear,73.08,84.61,2.46,2.72,3.42,1.47,0.709
40,F,40_ps_1,Posed,Fear,75.76,69.70,1.79,3.92,5.76,2.00,1.168
40,F,40_ps_2,Posed,Fear,69.70,69.70,1.79,4.56,6.21,2.25,0.876
40,F,40_ps_3,Posed,Fear,46.15,65.38,-1.96,4.66,4.96,2.18,0.876
40,F,40_rg_1,Genuine,Anger,53.33,41.17,-0.29,3.48,3.59,2.00,1.710
40,F,40_ss_1,Posed,Surprise,90.91,68.18,-2.38,4.30,3.90,1.81,0.918
40,F,40_ss_2,Posed,Surprise,59.09,31.81,1.00,3.39,2.73,1.61,0.626
40,F,40_tg_1,Genuine,Sadness,100.00,48.48,2.76,3.71,5.70,2.20,11.803
40,F,40_ts_1,Posed,Sadness,80.00,64.00,-1.88,4.38,3.76,2.03,3.754
41,M,41_ds_1,Posed,Disgust,95.45,95.45,-5.71,1.98,3.52,1.97,1.335
41,M,41_ds_2,Posed,Disgust,76.92,69.23,-1.92,3.52,2.00,1.57,1.710
41,M,41_fg_1,Genuine,Happiness,90.91,54.55,1.12,4.00,3.79,2.10,1.710
41,M,41_fg_2,Genuine,Happiness,93.94,63.64,2.00,3.94,4.70,1.90,2.502
41,M,41_fs_1,Posed,Happiness,92.31,69.23,-1.62,3.36,3.54,2.04,1.084
41,M,41_fs_2,Posed,Happiness,96.97,60.61,-0.33,3.95,3.39,2.03,1.627
41,M,41_fs_3,Posed,Happiness,91.30,52.17,-0.70,4.20,2.70,1.84,2.586
41,M,41_fs_4,Posed,Happiness,100.00,23.07,1.73,4.18,4.96,2.05,2.044
41,M,41_rs_2,Posed,Anger,90.91,95.65,-5.59,1.65,3.95,2.42,0.959
42,M,42_dg_1,Genuine,Disgust,96.00,80.00,2.36,2.55,3.32,2.27,2.044
42,M,42_dg_2,Genuine,Disgust,95.45,77.27,2.38,3.79,3.95,1.75,0.709
42,M,42_ds_1,Posed,Disgust,88.46,53.57,-0.68,4.41,3.86,2.16,1.210
42,M,42_ds_2,Posed,Disgust,46.67,58.82,-1.06,3.29,3.18,1.94,1.460
42,M,42_ds_3,Posed,Disgust,100.00,54.16,-0.38,4.22,5.00,2.48,0.792
42,M,42_fg_1,Genuine,Happiness,68.18,62.50,0.79,2.72,2.83,2.04,3.337
42,M,42_fg_2,Genuine,Happiness,81.82,77.27,1.82,3.10,3.23,2.33,3.795
42,M,42_fs_1,Posed,Happiness,100.00,22.22,1.93,3.58,4.70,2.18,3.003
42,M,42_fs_2,Posed,Happiness,91.30,52.00,-0.56,3.85,3.56,1.53,2.085
42,M,42_sg_1,Genuine,Surprise,66.67,77.77,1.23,3.20,2.54,1.63,1.710
42,M,42_ss_1,Posed,Surprise,90.48,65.21,-2.43,3.85,3.39,1.67,1.376
42,M,42_ss_2,Posed,Surprise,82.61,52.17,-0.59,3.83,2.73,1.83,1.710
43,F,43_dg_1,Genuine,Disgust,72.73,78.79,1.73,3.56,3.73,2.02,4.421
43,F,43_ds_1,Posed,Disgust,100.00,34.78,1.41,4.31,4.95,1.65,1.960
43,F,43_ds_2,Posed,Disgust,70.37,48.14,0.04,4.53,4.15,1.73,3.670
43,F,43_ds_3,Posed,Disgust,91.30,56.00,-0.96,4.20,3.00,1.66,1.210
43,F,43_ds_4,Posed,Disgust,93.33,29.41,1.12,3.28,3.47,1.77,0.876
43,F,43_fg_1,Genuine,Happiness,100.00,68.18,1.41,3.28,3.82,1.94,3.128
43,F,43_fg_2,Genuine,Happiness,100.00,42.30,-0.27,4.00,3.35,1.32,3.545
43,F,43_fs_1,Posed,Happiness,100.00,60.86,-1.22,4.27,5.22,2.24,1.460
43,F,43_fs_2,Posed,Happiness,100.00,30.43,0.95,4.09,3.59,1.59,3.128
44,M,44_dg_1,Genuine,Disgust,54.55,63.63,0.76,4.49,2.95,1.66,3.295
44,M,44_dg_2,Genuine,Disgust,95.24,47.82,-0.48,3.58,3.52,1.65,2.085
44,M,44_dg_3,Genuine,Disgust,100.00,45.45,-0.27,3.59,2.68,1.62,2.002
44,M,44_ds_1,Posed,Disgust,90.91,45.45,0.05,3.99,3.62,1.47,1.960
44,M,44_ds_2,Posed,Disgust,81.82,31.81,0.76,2.95,3.43,1.33,1.418
44,M,44_ds_3,Posed,Disgust,100.00,58.82,-1.41,3.91,3.65,1.69,4.171
44,M,44_ds_4,Posed,Disgust,100.00,54.54,-1.32,3.56,3.32,1.81,1.835
44,M,44_ds_5,Posed,Disgust,100.00,64.70,-1.76,3.63,3.59,2.03,1.627
44,M,44_fg_1,Genuine,Happiness,100.00,42.42,3.15,3.40,4.55,2.14,2.336
44,M,44_fs_1,Posed,Happiness,100.00,60.61,2.18,3.86,4.85,2.06,1.793
44,M,44_fs_2,Posed,Happiness,95.65,13.04,2.65,3.04,4.39,2.06,1.960
44,M,44_fs_3,Posed,Happiness,85.00,36.36,0.68,3.78,3.95,2.19,1.919
44,M,44_ps_2,Posed,Fear,40.91,75.00,-2.00,3.27,2.79,1.44,0.709
44,M,44_tg_1,Genuine,Sadness,34.62,65.38,1.65,3.43,1.88,1.99,3.670
44,M,44_tg_2,Genuine,Sadness,72.73,78.79,1.70,3.82,3.21,2.41,3.003
44,M,44_ts_1,Posed,Sadness,95.45,81.81,-3.71,3.47,3.67,1.68,2.377
44,M,44_ts_2,Posed,Sadness,58.33,16.66,2.38,3.46,2.54,1.89,2.294
44,M,44_ts_3,Posed,Sadness,36.84,33.33,0.62,3.04,2.19,1.54,3.170
44,M,44_ts_6,Posed,Sadness,40.00,41.17,0.29,3.44,2.76,1.82,2.461
45,M,45_dg_1,Genuine,Disgust,75.00,54.54,-0.50,3.50,2.64,1.65,1.752
45,M,45_dg_2,Genuine,Disgust,100.00,86.36,2.52,2.32,4.10,1.76,2.461
45,M,45_dg_3,Genuine,Disgust,92.59,59.25,0.89,4.28,5.59,2.02,1.376
45,M,45_ds_1,Posed,Disgust,90.91,62.50,-1.71,3.94,3.50,1.87,1.460
45,M,45_ds_2,Posed,Disgust,65.22,60.86,-1.39,3.96,3.09,1.78,1.960
45,M,45_ds_3,Posed,Disgust,78.26,52.00,-1.16,3.44,2.96,1.62,1.418
45,M,45_fg_1,Genuine,Happiness,93.33,52.94,-0.29,3.77,3.24,1.71,3.378
45,M,45_fg_2,Genuine,Happiness,100.00,72.72,1.50,3.62,3.64,1.97,1.668
45,M,45_fg_3,Genuine,Happiness,100.00,61.90,0.90,3.48,2.48,1.47,1.585
45,M,45_fg_4,Genuine,Happiness,100.00,73.91,1.65,3.69,4.30,2.10,3.462
45,M,45_fg_5,Genuine,Happiness,100.00,85.18,3.19,3.33,4.44,2.17,2.961
45,M,45_fs_1,Posed,Happiness,100.00,8.69,3.09,2.73,5.13,2.12,1.251
45,M,45_fs_2,Posed,Happiness,100.00,39.13,0.43,3.73,2.57,1.56,1.960
45,M,45_fs_3,Posed,Happiness,100.00,34.78,0.57,3.87,3.52,1.93,1.335
45,M,45_fs_4,Posed,Happiness,95.83,30.76,1.19,3.60,3.92,1.57,2.461
45,M,45_fs_5,Posed,Happiness,95.83,38.46,0.73,2.74,2.88,1.70,2.377
45,M,45_pg_1,Genuine,Fear,30.30,72.73,1.18,4.07,1.91,1.94,1.960
45,M,45_ps_1,Posed,Fear,45.45,72.72,-2.32,3.46,3.05,1.70,1.293
45,M,45_ps_2,Posed,Fear,42.42,30.30,-1.94,4.19,4.06,2.06,1.668
45,M,45_rs_1,Posed,Anger,54.55,68.18,-2.27,3.63,2.55,1.71,2.461
45,M,45_rs_2,Posed,Anger,40.91,22.72,1.76,2.93,2.24,1.26,1.043
45,M,45_sg_1,Genuine,Surprise,60.61,54.55,-0.42,4.05,2.67,1.87,0.792
45,M,45_ss_1,Posed,Surprise,76.92,57.69,-1.31,4.51,3.50,1.98,1.043
45,M,45_ss_2,Posed,Surprise,92.31,69.23,-2.00,3.78,3.00,1.83,0.584
45,M,45_ss_3,Posed,Surprise,80.95,47.82,-0.65,3.87,2.04,1.46,0.918
46,M,46_sg_1,Genuine,Surprise,100.00,47.82,-0.13,3.08,2.91,1.83,2.628
46,M,46_sg_2,Genuine,Surprise,69.70,57.58,1.33,3.69,2.45,2.08,3.128
46,M,46_ss_1,Posed,Surprise,78.79,48.48,-1.09,3.72,2.94,2.18,3.420
46,M,46_ss_2,Posed,Surprise,86.36,54.54,-1.52,4.73,2.24,1.64,1.502
47,F,47_dg_1,Genuine,Disgust,87.88,60.61,-0.18,3.39,3.36,2.22,4.254
47,F,47_dg_2,Genuine,Disgust,70.00,77.27,2.05,2.89,3.18,2.06,5.005
47,F,47_dg_3,Genuine,Disgust,94.74,38.09,-0.86,3.41,4.95,1.53,1.835
47,F,47_dg_4,Genuine,Disgust,50.00,72.72,1.59,3.07,3.23,1.93,0.834
47,F,47_dg_5,Genuine,Disgust,81.82,63.64,-0.55,4.29,4.48,2.17,5.380
47,F,47_ds_1,Posed,Disgust,96.97,81.82,0.06,4.61,5.30,2.11,7.966
47,F,47_ds_2,Posed,Disgust,96.97,57.58,0.94,4.29,5.09,2.08,4.463
47,F,47_fg_1,Genuine,Happiness,95.24,86.95,2.52,2.33,4.17,1.97,4.630
47,F,47_fg_2,Genuine,Happiness,96.97,66.67,3.21,3.01,4.76,1.77,2.461
47,F,47_fg_3,Genuine,Happiness,100.00,69.70,2.48,3.94,4.61,2.11,6.882
47,F,47_fs_1,Posed,Happiness,100.00,4.54,3.86,2.26,4.67,1.49,8.926
47,F,47_fs_2,Posed,Happiness,96.97,63.64,3.09,3.33,5.21,2.10,7.674
47,F,47_pg_1,Genuine,Fear,59.09,54.16,0.88,3.37,3.71,2.46,0.918
47,F,47_pg_2,Genuine,Fear,51.52,54.55,0.42,3.91,4.85,2.56,2.169
47,F,47_pg_3,Genuine,Fear,60.61,69.70,1.79,4.44,6.03,2.40,1.960
47,F,47_ps_1,Posed,Fear,30.30,66.67,0.97,4.30,4.85,2.02,2.211
47,F,47_ps_2,Posed,Fear,54.55,84.85,-0.58,4.70,5.97,2.16,2.419
47,F,47_rg_1,Genuine,Anger,57.69,42.30,0.19,4.22,3.54,2.32,5.088
47,F,47_rs_1,Posed,Anger,52.17,34.78,0.87,3.39,3.57,2.04,9.259
47,F,47_rs_2,Posed,Anger,90.91,39.39,-2.45,4.08,4.33,1.74,7.466
47,F,47_sg_1,Genuine,Surprise,96.97,78.79,1.18,4.02,3.88,1.82,1.043
47,F,47_sg_2,Genuine,Surprise,70.83,87.50,3.21,2.40,3.46,1.91,1.043
47,F,47_sg_3,Genuine,Surprise,66.67,54.55,1.94,3.72,3.61,2.09,2.628
47,F,47_ss_1,Posed,Surprise,78.79,45.45,2.18,4.08,5.18,2.01,8.634
47,F,47_ss_2,Posed,Surprise,59.09,54.16,-0.75,4.48,5.58,2.06,5.005
47,F,47_ss_3,Posed,Surprise,75.76,72.73,-1.64,4.54,6.12,2.06,6.548
47,F,47_tg_1,Genuine,Sadness,85.00,72.72,1.09,3.87,3.00,1.66,4.713
47,F,47_tg_2,Genuine,Sadness,82.61,60.86,1.48,3.34,2.70,1.96,1.418
47,F,47_tg_3,Genuine,Sadness,96.97,48.48,1.00,3.91,4.42,2.02,3.754
47,F,47_tg_4,Genuine,Sadness,84.85,57.58,-1.30,4.56,3.85,2.17,12.971
47,F,47_ts_1,Posed,Sadness,100.00,36.36,0.14,4.63,4.55,2.32,13.741
47,F,47_ts_2,Posed,Sadness,72.73,36.36,-0.94,4.58,5.48,2.45,23.522
47,F,47_ts_3,Posed,Sadness,90.91,51.52,-2.36,3.99,3.73,2.15,9.051
48,F,48_dg_1,Genuine,Disgust,100.00,69.56,1.13,4.18,5.83,2.08,0.542
48,F,48_dg_2,Genuine,Disgust,100.00,59.09,1.29,3.91,5.43,2.06,1.126
48,F,48_ds_1,Posed,Disgust,100.00,70.37,-2.70,4.14,6.33,2.15,1.460
48,F,48_ds_2,Posed,Disgust,100.00,82.60,-3.26,3.15,4.57,2.21,1.168
48,F,48_ds_3,Posed,Disgust,96.15,65.38,-0.96,4.03,6.27,2.13,0.959
48,F,48_fg_1,Genuine,Happiness,86.36,90.90,2.81,2.52,3.43,1.54,4.171
48,F,48_fg_2,Genuine,Happiness,100.00,33.33,2.55,3.63,5.67,1.95,4.588
48,F,48_fs_1,Posed,Happiness,85.00,22.72,1.27,3.21,2.95,1.84,2.838
48,F,48_fs_2,Posed,Happiness,95.45,31.81,1.19,4.72,5.00,1.90,2.836
48,F,48_ps_1,Posed,Fear,57.89,85.71,-4.38,3.09,4.24,1.92,1.293
48,F,48_rg_1,Genuine,Anger,72.73,83.33,2.67,2.78,2.92,1.67,2.419
48,F,48_rs_1,Posed,Anger,73.08,76.92,-2.96,3.30,4.58,2.16,1.752
48,F,48_rs_2,Posed,Anger,39.13,47.82,-0.77,4.33,2.41,1.62,2.836
48,F,48_rs_3,Posed,Anger,46.15,17.85,2.50,2.89,2.75,1.58,2.252
48,F,48_rs_4,Posed,Anger,40.91,36.36,0.90,3.62,2.95,1.60,1.335
48,F,48_ss_1,Posed,Surprise,96.43,96.55,-5.89,1.53,4.37,2.00,1.543
48,F,48_ss_2,Posed,Surprise,48.00,12.00,2.40,2.63,2.64,1.91,0.751
48,F,48_tg_1,Genuine,Sadness,39.13,70.83,2.43,2.23,2.09,2.33,7.758
48,F,48_tg_2,Genuine,Sadness,63.64,51.52,1.36,4.20,3.39,2.59,5.380
48,F,48_ts_1,Posed,Sadness,96.97,54.55,-2.94,3.62,4.73,2.25,2.502
49,F,49_dg_1,Genuine,Disgust,69.70,57.58,-0.42,4.20,3.97,1.98,2.069
49,F,49_dg_2,Genuine,Disgust,91.30,52.17,0.26,4.75,6.22,2.50,3.136
49,F,49_dg_3,Genuine,Disgust,95.65,82.60,2.73,4.23,4.91,1.85,5.806
49,F,49_ds_1,Posed,Disgust,95.65,30.43,1.48,2.89,4.39,2.13,2.836
49,F,49_ds_2,Posed,Disgust,100.00,54.54,-0.32,3.59,3.14,1.70,2.336
49,F,49_fg_1,Genuine,Happiness,96.15,92.30,3.31,2.63,3.23,2.07,4.571
49,F,49_fg_2,Genuine,Happiness,90.91,86.36,2.27,3.67,2.18,1.68,3.670
49,F,49_fg_3,Genuine,Happiness,100.00,36.36,2.82,3.90,5.18,2.05,4.771
49,F,49_fg_4,Genuine,Happiness,100.00,92.59,4.37,2.34,4.78,1.69,3.504
49,F,49_fg_5,Genuine,Happiness,100.00,95.45,4.76,2.61,5.95,2.25,3.704
49,F,49_fs_1,Posed,Happiness,93.94,57.58,-0.45,4.32,3.09,2.13,2.970
49,F,49_fs_2,Posed,Happiness,100.00,69.56,-2.18,4.18,3.50,1.50,3.404
49,F,49_pg_1,Genuine,Fear,100.00,94.73,5.00,2.13,7.05,1.72,1.768
49,F,49_pg_2,Genuine,Fear,77.27,86.36,2.76,3.00,2.57,1.86,1.969
49,F,49_ps_2,Posed,Fear,47.83,73.91,-2.39,3.59,3.61,2.02,2.569
49,F,49_ps_3,Posed,Fear,60.00,59.09,-1.73,3.91,3.05,1.29,3.704
49,F,49_rg_1,Genuine,Anger,36.36,57.58,1.52,3.64,1.61,1.50,1.401
49,F,49_rg_2,Genuine,Anger,53.85,65.38,1.69,3.99,2.19,1.81,3.003
49,F,49_rs_1,Posed,Anger,65.00,50.00,-0.91,3.54,2.32,1.76,3.470
49,F,49_sg_1,Genuine,Surprise,90.91,63.64,2.58,3.92,5.09,2.14,2.102
49,F,49_sg_2,Genuine,Surprise,81.82,54.55,3.21,3.79,6.55,1.56,2.803
49,F,49_ss_1,Posed,Surprise,96.15,80.76,-3.00,4.24,4.35,2.19,2.603
49,F,49_ss_2,Posed,Surprise,100.00,45.45,-0.24,3.79,3.71,1.45,2.804
49,F,49_tg_1,Genuine,Sadness,42.42,69.70,1.42,3.48,2.36,2.26,3.470
49,F,49_tg_2,Genuine,Sadness,66.67,21.21,2.48,3.67,2.52,2.60,5.105
49,F,49_ts_1,Posed,Sadness,73.08,61.53,-2.12,3.98,3.23,2.23,4.104
50,F,50_dg_1,Genuine,Disgust,100.00,16.00,-2.20,3.40,3.20,1.89,1.333
50,F,50_dg_2,Genuine,Disgust,93.94,45.45,1.79,3.85,3.70,2.01,1.600
50,F,50_dg_3,Genuine,Disgust,95.24,78.26,1.52,3.40,3.39,1.70,0.900
50,F,50_ds_1,Posed,Disgust,90.91,81.82,-1.76,4.14,4.27,2.31,1.800
50,F,50_ds_2,Posed,Disgust,100.00,62.50,-1.38,3.75,4.54,1.67,2.367
50,F,50_fg_1,Genuine,Happiness,100.00,81.82,3.97,2.34,5.55,1.66,1.733
50,F,50_fg_2,Genuine,Happiness,96.97,75.76,4.52,1.91,5.55,2.08,1.333
50,F,50_fg_3,Genuine,Happiness,100.00,72.73,3.82,3.06,5.76,2.26,2.667
50,F,50_fs_1,Posed,Happiness,100.00,81.82,1.61,4.18,5.82,1.65,2.067
50,F,50_fs_2,Posed,Happiness,100.00,66.67,1.03,4.00,4.39,2.08,2.567
50,F,50_pg_3,Genuine,Fear,80.00,88.23,3.41,2.32,4.12,1.27,0.267
50,F,50_ps_1,Posed,Fear,42.42,84.85,-1.12,4.26,3.52,2.11,1.633
50,F,50_ps_2,Posed,Fear,52.38,73.91,-2.83,3.49,3.13,1.55,2.267
50,F,50_ps_3,Posed,Fear,57.58,84.85,-1.45,3.84,3.64,1.75,1.833
50,F,50_rg_2,Genuine,Anger,65.22,68.00,1.28,3.36,3.48,2.02,0.600
50,F,50_rs_1,Posed,Anger,86.96,65.21,-1.13,4.34,5.13,2.56,2.200
50,F,50_rs_2,Posed,Anger,100.00,33.33,-2.76,3.92,3.94,2.26,2.033
50,F,50_ss_1,Posed,Surprise,91.30,86.95,-4.14,3.23,4.18,1.92,2.033
50,F,50_tg_1,Genuine,Sadness,43.48,73.91,1.70,2.96,1.57,1.59,1.133
50,F,50_ts_2,Posed,Sadness,63.64,59.09,-1.05,4.08,3.29,1.31,3.067
51,F,51_dg_1,Genuine,Disgust,40.00,52.94,0.59,3.34,2.47,1.55,3.233
51,F,51_ds_2,Posed,Disgust,92.31,30.76,0.84,3.64,3.28,1.57,3.000
51,F,51_fg_1,Genuine,Happiness,86.36,63.63,0.10,3.62,2.52,1.12,8.600
51,F,51_fg_2,Genuine,Happiness,50.00,30.76,-1.54,3.46,1.08,1.29,7.633
51,F,51_fs_1,Posed,Happiness,53.85,28.57,0.64,3.72,1.71,1.74,5.600
51,F,51_fs_2,Posed,Happiness,91.30,78.26,-2.95,3.90,2.32,1.91,7.067
51,F,51_fs_3,Posed,Happiness,100.00,73.07,-2.46,3.51,2.88,1.66,2.533
51,F,51_pg_1,Genuine,Fear,36.36,77.27,1.57,3.43,2.24,1.51,0.833
51,F,51_rs_1,Posed,Anger,54.55,50.00,-1.38,4.17,2.14,1.24,2.400
51,F,51_ss_1,Posed,Surprise,90.91,83.33,-3.63,3.00,2.92,1.64,1.500
53,F,53_dg_1,Genuine,Disgust,86.36,63.63,1.55,3.57,2.50,1.95,2.633
53,F,53_dg_2,Genuine,Disgust,30.77,65.38,1.04,3.65,3.15,1.69,1.733
53,F,53_ds_1,Posed,Disgust,89.47,47.61,-0.10,3.43,3.14,1.80,3.333
53,F,53_ds_2,Posed,Disgust,85.00,77.27,-2.00,3.35,2.32,1.59,3.333
53,F,53_fg_1,Genuine,Happiness,100.00,96.29,4.54,1.92,4.81,1.55,0.767
53,F,53_fg_2,Genuine,Happiness,100.00,95.83,4.36,1.62,3.45,1.68,0.867
53,F,53_fg_3,Genuine,Happiness,87.50,83.33,1.94,2.36,3.22,1.63,2.633
53,F,53_fs_1,Posed,Happiness,93.33,52.94,-0.53,3.66,2.82,1.59,3.567
53,F,53_fs_2,Posed,Happiness,95.24,34.78,1.30,3.84,3.13,1.49,1.500
53,F,53_fs_3,Posed,Happiness,100.00,73.91,-2.35,4.10,3.52,2.06,2.467
53,F,53_pg_1,Genuine,Fear,42.11,71.42,1.33,3.61,2.19,1.78,0.367
53,F,53_pg_2,Genuine,Fear,53.85,88.46,4.08,2.55,3.08,1.85,0.933
53,F,53_ps_1,Posed,Fear,42.31,84.61,-4.19,3.86,4.04,2.36,1.400
53,F,53_ps_2,Posed,Fear,40.91,59.09,-1.14,4.73,3.90,1.45,0.900
53,F,53_ss_1,Posed,Surprise,100.00,88.46,-4.20,3.23,4.64,1.70,1.667
53,F,53_ss_2,Posed,Surprise,81.82,50.00,-0.50,4.02,2.18,1.94,1.200
53,F,53_ss_3,Posed,Surprise,80.77,21.42,1.89,3.52,3.54,2.03,1.667
53,F,53_ss_4,Posed,Surprise,36.36,27.27,1.67,3.67,3.48,1.94,0.800
53,F,53_ts_1,Posed,Sadness,69.23,38.46,0.48,3.62,3.96,1.57,4.200
54,M,54_dg_1,Genuine,Disgust,38.10,73.91,2.00,2.91,2.00,1.81,4.304
54,M,54_dg_2,Genuine,Disgust,92.31,69.23,1.80,3.67,4.84,1.68,2.903
54,M,54_dg_3,Genuine,Disgust,100.00,43.47,-1.00,4.66,6.23,2.35,2.002
54,M,54_dg_4,Genuine,Disgust,92.00,44.00,-1.16,5.11,6.96,2.11,1.869
54,M,54_ds_1,Posed,Disgust,86.36,77.27,-3.14,3.58,4.64,2.15,3.237
54,M,54_ds_2,Posed,Disgust,83.33,80.00,-3.50,3.49,4.15,2.39,4.938
54,M,54_ds_3,Posed,Disgust,86.36,86.36,-4.09,3.61,4.91,2.14,5.072
54,M,54_ds_4,Posed,Disgust,70.83,83.33,-4.08,3.71,5.33,2.04,3.937
54,M,54_ds_5,Posed,Disgust,75.76,72.73,-2.55,4.19,4.18,2.39,3.103
54,M,54_fg_1,Genuine,Happiness,92.00,96.15,4.84,1.55,5.64,2.18,1.502
54,M,54_fg_2,Genuine,Happiness,100.00,95.65,5.24,1.70,5.24,1.92,1.203
54,M,54_fg_3,Genuine,Happiness,96.97,75.76,3.36,3.05,6.12,1.90,3.637
54,M,54_fs_1,Posed,Happiness,100.00,69.70,-3.61,4.09,3.64,2.12,3.804
54,M,54_fs_2,Posed,Happiness,100.00,76.92,-3.65,4.34,4.19,2.43,3.003
54,M,54_fs_3,Posed,Happiness,90.91,66.67,-1.85,4.02,3.36,1.93,3.337
54,M,54_fs_4,Posed,Happiness,100.00,75.00,-3.09,3.26,3.87,1.89,2.436
54,M,54_pg_1,Genuine,Fear,48.48,51.52,3.15,4.14,6.58,2.75,2.469
54,M,54_pg_2,Genuine,Fear,86.36,86.36,3.23,3.21,5.36,2.30,1.335
54,M,54_ps_1,Posed,Fear,33.33,72.73,-4.24,3.76,3.70,2.08,1.668
54,M,54_ps_5,Posed,Fear,63.64,33.33,-3.61,3.84,4.67,2.38,1.702
54,M,54_rg_1,Genuine,Anger,96.97,75.76,-1.88,4.23,3.76,1.94,3.637
54,M,54_rs_4,Posed,Anger,42.42,87.88,-2.18,4.22,3.58,2.24,3.170
54,M,54_sg_1,Genuine,Surprise,42.42,39.39,0.33,4.00,1.97,2.14,1.468
54,M,54_sg_3,Genuine,Surprise,51.52,81.82,0.91,3.51,2.03,1.86,3.270
54,M,54_sg_4,Genuine,Surprise,95.65,21.73,-3.52,3.15,2.78,1.91,3.670
54,M,54_sg_5,Genuine,Surprise,48.48,72.73,2.85,3.16,3.64,2.03,1.935
54,M,54_sg_6,Genuine,Surprise,78.26,69.56,1.04,3.17,2.91,2.13,3.170
54,M,54_ss_1,Posed,Surprise,93.94,60.61,-3.33,4.06,4.48,2.33,1.702
54,M,54_ss_2,Posed,Surprise,100.00,81.81,-3.71,4.28,4.95,2.13,2.002
54,M,54_ss_3,Posed,Surprise,100.00,90.90,-3.90,3.46,4.67,2.01,1.568
54,M,54_ss_4,Posed,Surprise,93.94,66.67,-2.64,4.26,4.30,2.59,1.735
54,M,54_tg_1,Genuine,Sadness,81.82,63.64,-2.88,3.90,3.67,2.56,9.176
54,M,54_tg_2,Genuine,Sadness,93.94,60.61,0.24,4.62,4.27,2.00,7.407
54,M,54_tg_3,Genuine,Sadness,93.94,72.73,-0.24,4.81,4.88,2.22,6.273
54,M,54_tg_4,Genuine,Sadness,96.97,63.64,-0.64,4.18,4.91,2.18,5.372
54,M,54_tg_5,Genuine,Sadness,96.97,60.61,1.58,3.87,4.55,2.12,4.438
54,M,54_ts_1,Posed,Sadness,93.94,81.82,-4.42,3.15,3.58,2.36,7.341
54,M,54_ts_2,Posed,Sadness,100.00,78.79,-5.39,2.67,3.06,2.32,5.973
54,M,54_ts_3,Posed,Sadness,75.76,72.73,-3.18,3.57,2.33,1.93,4.505
55,M,55_dg_1,Genuine,Disgust,88.46,50.00,-0.54,4.24,4.81,2.15,3.103
55,M,55_dg_2,Genuine,Disgust,91.30,86.95,3.23,3.42,3.55,1.92,2.703
55,M,55_dg_4,Genuine,Disgust,83.33,50.00,-0.04,3.89,4.35,2.04,3.004
55,M,55_ds_1,Posed,Disgust,100.00,69.70,-1.88,4.89,5.58,2.29,4.838
55,M,55_ds_2,Posed,Disgust,54.55,77.27,-3.00,3.85,4.18,1.79,2.870
55,M,55_ds_3,Posed,Disgust,75.00,58.33,-0.96,4.53,3.96,2.20,2.970
55,M,55_ds_4,Posed,Disgust,84.85,51.52,-2.18,4.54,4.27,2.45,4.505
55,M,55_fg_1,Genuine,Happiness,100.00,75.00,2.17,4.14,5.00,1.87,2.002
55,M,55_fg_2,Genuine,Happiness,100.00,90.90,3.90,2.74,5.62,2.11,2.703
55,M,55_fs_1,Posed,Happiness,100.00,76.92,-3.35,3.83,4.69,2.02,3.537
55,M,55_fs_2,Posed,Happiness,100.00,83.33,-2.92,3.30,3.67,2.22,3.136
55,M,55_fs_3,Posed,Happiness,90.91,54.55,-2.45,4.27,2.21,2.09,3.971
55,M,55_fs_4,Posed,Happiness,96.15,53.57,-1.07,4.41,3.00,1.74,3.737
55,M,55_pg_2,Genuine,Fear,41.67,91.66,3.29,2.37,4.04,1.99,2.336
55,M,55_ps_2,Posed,Fear,86.36,86.36,-4.19,3.56,5.14,1.74,2.569
55,M,55_ps_3,Posed,Fear,54.55,45.45,-2.45,4.04,4.39,1.98,2.469
55,M,55_ps_4,Posed,Fear,60.00,92.00,-4.04,2.41,3.96,2.15,3.036
55,M,55_rg_1,Genuine,Anger,65.38,71.42,1.89,3.82,2.64,1.62,3.905
55,M,55_rg_10,Genuine,Anger,72.73,72.72,1.23,4.07,2.91,1.97,3.036
55,M,55_rg_11,Genuine,Anger,62.50,76.92,1.54,3.83,3.04,1.80,3.303
55,M,55_rg_2,Genuine,Anger,50.00,90.90,3.24,2.00,2.90,1.64,3.403
55,M,55_rg_3,Genuine,Anger,52.38,73.91,2.22,3.18,2.87,2.44,4.872
55,M,55_rg_4,Genuine,Anger,65.22,65.21,1.43,3.38,3.17,2.29,4.171
55,M,55_rg_5,Genuine,Anger,88.89,74.07,1.89,4.51,3.67,1.96,2.636
55,M,55_rg_6,Genuine,Anger,91.67,75.00,2.04,3.69,4.00,2.36,5.572
55,M,55_rg_7,Genuine,Anger,63.64,90.90,3.57,2.36,3.00,1.10,3.604
55,M,55_rg_8,Genuine,Anger,59.09,59.09,0.86,2.83,2.41,1.97,3.337
55,M,55_rs_1,Posed,Anger,96.97,57.58,-4.09,3.63,5.18,2.72,0.901
55,M,55_rs_2,Posed,Anger,90.91,95.65,-5.86,1.15,6.33,1.74,3.237
55,M,55_rs_3,Posed,Anger,100.00,96.00,-6.04,1.86,6.20,2.60,2.736
55,M,55_rs_4,Posed,Anger,100.00,69.70,-4.61,3.46,4.76,2.54,2.035
55,M,55_sg_1,Genuine,Surprise,68.18,72.72,1.67,2.83,3.29,1.87,2.403
55,M,55_sg_2,Genuine,Surprise,59.09,45.45,-0.27,4.06,4.68,2.03,2.269
55,M,55_sg_3,Genuine,Surprise,100.00,54.16,-0.08,4.03,3.42,1.35,1.903
55,M,55_ss_1,Posed,Surprise,81.82,78.79,-2.85,4.47,5.15,2.28,1.635
55,M,55_ss_2,Posed,Surprise,96.97,78.79,-4.24,4.44,5.06,2.87,2.536
55,M,55_ss_3,Posed,Surprise,78.26,86.95,-4.55,3.60,4.32,1.99,1.301
55,M,55_ss_4,Posed,Surprise,80.77,69.23,-2.40,3.85,3.64,1.66,2.936
55,M,55_tg_1,Genuine,Sadness,63.64,63.63,1.57,3.30,2.71,1.45,2.203
55,M,55_ts_1,Posed,Sadness,59.09,72.72,-3.05,2.89,2.45,2.06,4.037
55,M,55_ts_2,Posed,Sadness,60.61,81.82,0.03,3.96,2.24,2.17,7.941
55,M,55_ts_3,Posed,Sadness,40.91,59.09,-1.90,3.96,2.52,1.72,7.341
55,M,55_ts_4,Posed,Sadness,61.54,80.76,-3.31,3.91,3.27,2.15,5.806
55,M,55_ts_5,Posed,Sadness,50.00,59.09,-1.95,3.94,2.38,1.12,4.972
56,F,56_dg_1,Genuine,Disgust,86.67,47.05,-0.41,3.92,4.82,1.47,2.103
56,F,56_dg_2,Genuine,Disgust,65.00,63.63,1.55,3.79,5.91,1.85,1.403
56,F,56_dg_3,Genuine,Disgust,85.71,82.60,2.26,3.35,3.96,1.77,4.906
56,F,56_dg_4,Genuine,Disgust,100.00,63.63,0.73,3.87,4.86,1.96,2.035
56,F,56_ds_1,Posed,Disgust,100.00,36.36,0.48,3.96,4.81,1.72,1.903
56,F,56_ds_2,Posed,Disgust,100.00,63.63,-1.76,3.96,3.90,2.00,2.703
56,F,56_fg_1,Genuine,Happiness,100.00,47.61,-0.19,3.46,3.29,1.35,3.704
56,F,56_fg_2,Genuine,Happiness,95.45,68.18,2.05,4.41,4.86,1.88,5.406
56,F,56_fg_3,Genuine,Happiness,100.00,43.47,-1.04,3.56,3.52,1.20,2.803
56,F,56_fg_4,Genuine,Happiness,100.00,23.52,-2.24,3.49,3.76,1.71,3.304
56,F,56_fg_5,Genuine,Happiness,100.00,57.69,0.52,4.48,4.76,1.74,2.903
56,F,56_fs_1,Posed,Happiness,68.18,95.65,-5.50,2.04,4.36,2.34,2.236
56,F,56_fs_2,Posed,Happiness,100.00,73.91,-2.57,3.73,3.74,1.48,2.403
56,F,56_pg_1,Genuine,Fear,88.46,96.15,4.69,2.92,7.42,1.45,2.669
56,F,56_ps_2,Posed,Fear,34.62,65.38,-1.88,3.94,4.77,2.14,2.536
56,F,56_rg_1,Genuine,Anger,69.23,69.23,1.96,4.24,5.58,2.37,1.401
56,F,56_rg_2,Genuine,Anger,84.21,19.04,-3.81,3.75,6.19,2.20,0.504
56,F,56_rg_3,Genuine,Anger,84.00,20.00,-3.08,4.01,7.50,1.91,0.870
56,F,56_rg_4,Genuine,Anger,77.27,63.63,1.38,3.79,5.00,2.32,1.301
56,F,56_rs_1,Posed,Anger,86.96,82.60,-2.96,2.92,3.30,1.66,3.136
56,F,56_sg_1,Genuine,Surprise,54.55,68.18,0.81,3.88,3.95,1.69,0.903
56,F,56_sg_2,Genuine,Surprise,95.83,41.66,-0.58,3.78,3.88,1.75,1.368
56,F,56_sg_3,Genuine,Surprise,95.65,13.04,-4.13,2.91,3.96,2.40,1.168
56,F,56_sg_4,Genuine,Surprise,95.65,13.04,-3.74,3.73,6.91,2.15,1.768
56,F,56_ss_1,Posed,Surprise,100.00,81.81,-3.52,3.94,4.90,1.76,1.803
56,F,56_ss_2,Posed,Surprise,86.36,77.27,-3.38,4.13,4.86,1.74,1.603
56,F,56_tg_2,Genuine,Sadness,42.31,73.07,2.77,2.96,1.88,1.97,7.040
56,F,56_ts_1,Posed,Sadness,31.82,59.09,-1.50,3.26,1.73,1.55,3.637
57,F,57_dg_1,Genuine,Disgust,65.00,86.36,3.05,2.75,3.45,2.02,5.255
57,F,57_dg_2,Genuine,Disgust,56.52,56.52,-0.04,3.57,1.96,1.40,2.085
57,F,57_ds_1,Posed,Disgust,100.00,36.36,0.43,4.02,4.52,1.44,1.668
57,F,57_ds_2,Posed,Disgust,100.00,60.00,-1.04,5.09,5.24,2.28,3.003
57,F,57_ds_3,Posed,Disgust,96.97,39.39,-0.94,4.29,4.48,1.91,2.336
57,F,57_ds_4,Posed,Disgust,100.00,39.39,-0.24,4.18,4.45,1.68,1.251
57,F,57_fg_1,Genuine,Happiness,100.00,63.64,2.42,3.95,4.03,2.24,2.544
57,F,57_fg_2,Genuine,Happiness,100.00,87.88,1.36,3.86,3.76,1.89,1.752
57,F,57_fg_3,Genuine,Happiness,96.97,51.52,3.61,2.94,4.52,1.82,1.710
57,F,57_fg_4,Genuine,Happiness,96.97,72.73,3.73,3.49,5.70,2.30,2.544
57,F,57_fs_1,Posed,Happiness,100.00,54.55,-1.48,4.52,3.91,2.21,1.418
57,F,57_fs_2,Posed,Happiness,100.00,69.70,-1.00,4.26,3.70,1.98,1.502
57,F,57_fs_3,Posed,Happiness,96.97,54.55,-2.36,3.69,3.18,1.89,2.044
57,F,57_fs_4,Posed,Happiness,100.00,75.76,-1.82,3.60,3.45,1.82,0.792
57,F,57_ps_1,Posed,Fear,50.00,76.92,-1.92,3.90,3.38,2.17,0.709
57,F,57_ps_2,Posed,Fear,60.61,81.82,0.36,4.26,4.70,1.76,0.834
57,F,57_ps_4,Posed,Fear,68.18,40.90,0.71,2.69,3.00,1.55,1.084
57,F,57_ps_5,Posed,Fear,47.83,56.52,-0.82,4.00,3.27,1.70,1.919
57,F,57_rg_2,Genuine,Anger,33.33,69.70,-0.45,3.51,2.00,2.02,0.834
57,F,57_rs_1,Posed,Anger,86.36,72.72,-1.86,3.15,2.95,1.76,0.626
57,F,57_rs_2,Posed,Anger,96.97,60.61,-4.18,3.14,3.36,1.98,3.712
57,F,57_rs_3,Posed,Anger,93.94,51.52,-3.18,4.22,3.85,2.46,3.378
57,F,57_ss_1,Posed,Surprise,96.97,30.30,-1.76,4.43,4.39,2.29,0.792
57,F,57_ss_2,Posed,Surprise,100.00,77.27,-3.09,3.34,4.45,2.13,1.293
57,F,57_ss_3,Posed,Surprise,95.65,91.30,-5.00,3.28,3.27,2.00,1.251
57,F,57_ss_4,Posed,Surprise,96.15,73.07,-2.92,3.91,3.38,1.88,1.293
57,F,57_tg_1,Genuine,Sadness,77.27,72.72,1.86,2.55,2.32,1.99,1.335
57,F,57_tg_2,Genuine,Sadness,63.64,68.18,0.86,4.09,2.81,1.54,2.419
57,F,57_tg_3,Genuine,Sadness,50.00,81.81,2.62,3.01,2.67,1.62,5.297
57,F,57_tg_4,Genuine,Sadness,66.67,70.83,2.42,3.72,4.00,2.96,3.629
57,F,57_ts_1,Posed,Sadness,71.43,47.82,-0.26,3.74,2.70,1.92,2.461
57,F,57_ts_2,Posed,Sadness,57.58,63.64,-1.91,4.63,2.76,2.17,2.920
57,F,57_ts_3,Posed,Sadness,88.89,62.96,-1.58,3.90,3.19,1.63,3.128